datetime,open,high,low,close,volume,amount,position,symbol
2026/1/23 22:05:00,3150.0,3151.0,3149.0,3149.0,6570,20688930.0,1735904,RB0
2026/1/23 22:10:00,3150.0,3151.0,3148.0,3148.0,6191,19489268.0,1737522,RB0
2026/1/23 22:15:00,3148.0,3151.0,3148.0,3150.0,4279,13478850.0,1737281,RB0
2026/1/23 22:20:00,3150.0,3150.0,3147.0,3147.0,6589,20735583.0,1737468,RB0
2026/1/23 22:25:00,3148.0,3149.0,3147.0,3148.0,808,2543584.0,1738104,RB0
2026/1/23 22:30:00,3148.0,3150.0,3147.0,3150.0,2339,7367850.0,1738139,RB0
2026/1/23 22:35:00,3150.0,3150.0,3148.0,3150.0,3154,9935100.0,1737966,RB0
2026/1/23 22:40:00,3150.0,3150.0,3148.0,3149.0,2445,7699305.0,1738606,RB0
2026/1/23 22:45:00,3149.0,3149.0,3148.0,3149.0,3173,9991777.0,1738561,RB0
2026/1/23 22:50:00,3148.0,3150.0,3148.0,3150.0,3074,9683100.0,1738172,RB0
2026/1/23 22:55:00,3149.0,3151.0,3147.0,3149.0,6714,21142386.0,1739389,RB0
2026/1/23 23:00:00,3149.0,3151.0,3148.0,3151.0,2738,8627438.0,1736110,RB0
2026/1/26 9:05:00,3149.0,3159.0,3148.0,3156.0,82233,259527348.0,1733099,RB0
2026/1/26 9:10:00,3157.0,3159.0,3156.0,3157.0,17756,56055692.0,1732839,RB0
2026/1/26 9:15:00,3158.0,3158.0,3154.0,3154.0,16470,51946380.0,1733504,RB0
2026/1/26 9:20:00,3154.0,3157.0,3154.0,3155.0,8194,25852070.0,1734098,RB0
2026/1/26 9:25:00,3155.0,3160.0,3155.0,3157.0,15591,49220787.0,1735632,RB0
2026/1/26 9:30:00,3157.0,3158.0,3156.0,3156.0,5046,15925176.0,1735906,RB0
2026/1/26 9:35:00,3157.0,3158.0,3156.0,3157.0,6898,21776986.0,1734751,RB0
2026/1/26 9:40:00,3157.0,3158.0,3154.0,3157.0,14322,45214554.0,1735143,RB0
2026/1/26 9:45:00,3155.0,3157.0,3153.0,3153.0,11743,37025679.0,1734892,RB0
2026/1/26 9:50:00,3156.0,3156.0,3153.0,3154.0,2496,7872384.0,1735146,RB0
2026/1/26 9:55:00,3154.0,3156.0,3152.0,3156.0,11076,34955856.0,1734351,RB0
2026/1/26 10:00:00,3156.0,3156.0,3153.0,3154.0,7398,23333292.0,1731847,RB0
2026/1/26 10:05:00,3154.0,3157.0,3153.0,3156.0,10821,34151076.0,1732772,RB0
2026/1/26 10:10:00,3156.0,3158.0,3153.0,3154.0,13067,41213318.0,1732023,RB0
2026/1/26 10:15:00,3153.0,3154.0,3151.0,3151.0,8468,26682668.0,1733267,RB0
2026/1/26 10:35:00,3153.0,3157.0,3152.0,3156.0,14746,46538376.0,1733957,RB0
2026/1/26 10:40:00,3158.0,3160.0,3156.0,3158.0,19995,63144210.0,1735047,RB0
2026/1/26 10:45:00,3160.0,3160.0,3157.0,3158.0,8081,25519798.0,1736649,RB0
2026/1/26 10:50:00,3158.0,3159.0,3157.0,3157.0,7430,23456510.0,1738031,RB0
2026/1/26 10:55:00,3156.0,3158.0,3154.0,3156.0,7326,23120856.0,1739276,RB0
2026/1/26 11:00:00,3150.0,3157.0,3148.0,3148.0,22900,72089200.0,1740145,RB0
2026/1/26 11:05:00,3150.0,3150.0,3145.0,3149.0,21932,69063868.0,1739920,RB0
2026/1/26 11:10:00,3149.0,3149.0,3145.0,3146.0,11303,35559238.0,1740414,RB0
2026/1/26 11:15:00,3147.0,3149.0,3146.0,3149.0,5117,16113433.0,1740351,RB0
2026/1/26 11:20:00,3149.0,3151.0,3148.0,3150.0,6189,19495350.0,1739725,RB0
2026/1/26 11:25:00,3151.0,3153.0,3150.0,3150.0,6021,18966150.0,1739576,RB0
2026/1/26 11:30:00,3150.0,3151.0,3148.0,3148.0,4975,15661300.0,1738813,RB0
2026/1/26 13:35:00,3148.0,3149.0,3147.0,3149.0,8319,26196531.0,1739248,RB0
2026/1/26 13:40:00,3148.0,3149.0,3147.0,3149.0,6098,19202602.0,1738285,RB0
2026/1/26 13:45:00,3148.0,3150.0,3147.0,3148.0,7670,24145160.0,1737908,RB0
2026/1/26 13:50:00,3148.0,3150.0,3148.0,3150.0,3805,11985750.0,1737335,RB0
2026/1/26 13:55:00,3150.0,3151.0,3149.0,3151.0,3376,10637776.0,1736934,RB0
2026/1/26 14:00:00,3149.0,3151.0,3148.0,3149.0,3697,11641853.0,1736925,RB0
2026/1/26 14:05:00,3149.0,3150.0,3147.0,3147.0,5368,16893096.0,1736984,RB0
2026/1/26 14:10:00,3147.0,3148.0,3145.0,3146.0,5936,18674656.0,1737168,RB0
2026/1/26 14:15:00,3146.0,3147.0,3144.0,3145.0,9298,29242210.0,1737068,RB0
2026/1/26 14:20:00,3144.0,3145.0,3141.0,3143.0,15034,47251862.0,1735587,RB0
2026/1/26 14:25:00,3143.0,3143.0,3141.0,3143.0,9664,30373952.0,1735828,RB0
2026/1/26 14:30:00,3142.0,3147.0,3141.0,3147.0,13197,41530959.0,1733689,RB0
2026/1/26 14:35:00,3146.0,3147.0,3144.0,3145.0,8397,26408565.0,1733754,RB0
2026/1/26 14:40:00,3144.0,3146.0,3143.0,3144.0,3387,10648728.0,1733432,RB0
2026/1/26 14:45:00,3144.0,3144.0,3143.0,3143.0,4177,13128311.0,1733530,RB0
2026/1/26 14:50:00,3143.0,3144.0,3142.0,3143.0,6001,18861143.0,1733457,RB0
2026/1/26 14:55:00,3142.0,3143.0,3142.0,3142.0,3764,11826488.0,1733261,RB0
2026/1/26 15:00:00,3143.0,3144.0,3141.0,3143.0,3154,9913022.0,1730856,RB0
2026/1/26 21:05:00,3143.0,3143.0,3135.0,3138.0,52625,165137250.0,1729801,RB0
2026/1/26 21:10:00,3138.0,3140.0,3136.0,3138.0,15037,47186106.0,1728262,RB0
2026/1/26 21:15:00,3139.0,3141.0,3137.0,3139.0,17465,54822635.0,1725907,RB0
2026/1/26 21:20:00,3138.0,3139.0,3137.0,3138.0,7512,23572656.0,1724447,RB0
2026/1/26 21:25:00,3138.0,3139.0,3137.0,3139.0,7056,22148784.0,1723780,RB0
2026/1/26 21:30:00,3138.0,3139.0,3137.0,3138.0,7046,22110348.0,1723703,RB0
2026/1/26 21:35:00,3137.0,3138.0,3136.0,3136.0,5479,17182144.0,1724404,RB0
2026/1/26 21:40:00,3136.0,3137.0,3133.0,3135.0,20911,65555985.0,1726693,RB0
2026/1/26 21:45:00,3135.0,3136.0,3134.0,3135.0,4885,15314475.0,1725815,RB0
2026/1/26 21:50:00,3135.0,3137.0,3135.0,3137.0,6304,19775648.0,1724089,RB0
2026/1/26 21:55:00,3137.0,3139.0,3134.0,3135.0,15051,47184885.0,1723974,RB0
2026/1/26 22:00:00,3135.0,3137.0,3135.0,3135.0,3336,10458360.0,1723507,RB0
2026/1/26 22:05:00,3136.0,3138.0,3134.0,3138.0,8279,25979502.0,1723259,RB0
2026/1/26 22:10:00,3138.0,3141.0,3137.0,3140.0,14489,45495460.0,1720865,RB0
2026/1/26 22:15:00,3141.0,3142.0,3140.0,3141.0,4918,15447438.0,1721260,RB0
2026/1/26 22:20:00,3141.0,3141.0,3139.0,3140.0,3021,9485940.0,1721352,RB0
2026/1/26 22:25:00,3140.0,3142.0,3139.0,3142.0,526,1652692.0,1720726,RB0
2026/1/26 22:30:00,3142.0,3143.0,3141.0,3141.0,5116,16069356.0,1720452,RB0
2026/1/26 22:35:00,3142.0,3145.0,3141.0,3144.0,9025,28374600.0,1719301,RB0
2026/1/26 22:40:00,3144.0,3145.0,3141.0,3144.0,7021,22074024.0,1718455,RB0
2026/1/26 22:45:00,3144.0,3144.0,3143.0,3144.0,1455,4574520.0,1718306,RB0
2026/1/26 22:50:00,3144.0,3145.0,3143.0,3143.0,2780,8737540.0,1717729,RB0
2026/1/26 22:55:00,3143.0,3145.0,3143.0,3145.0,2780,8743100.0,1717927,RB0
2026/1/26 23:00:00,3145.0,3145.0,3143.0,3145.0,7216,22694320.0,1714920,RB0
2026/1/27 9:05:00,3141.0,3144.0,3138.0,3141.0,24360,76514760.0,1718261,RB0
2026/1/27 9:10:00,3140.0,3143.0,3140.0,3141.0,9775,30703275.0,1716809,RB0
2026/1/27 9:15:00,3142.0,3144.0,3141.0,3141.0,6548,20567268.0,1715119,RB0
2026/1/27 9:20:00,3141.0,3143.0,3139.0,3139.0,7892,24772988.0,1713847,RB0
2026/1/27 9:25:00,3139.0,3144.0,3139.0,3143.0,5246,16488178.0,1714098,RB0
2026/1/27 9:30:00,3143.0,3145.0,3143.0,3144.0,7428,23353632.0,1715354,RB0
2026/1/27 9:35:00,3145.0,3145.0,3141.0,3143.0,4533,14247219.0,1714760,RB0
2026/1/27 9:40:00,3143.0,3145.0,3140.0,3141.0,8044,25266204.0,1714088,RB0
2026/1/27 9:45:00,3138.0,3142.0,3136.0,3137.0,17009,53357233.0,1711869,RB0
2026/1/27 9:50:00,3136.0,3137.0,3135.0,3136.0,5627,17646272.0,1710278,RB0
2026/1/27 9:55:00,3134.0,3138.0,3134.0,3134.0,8000,25072000.0,1709773,RB0
2026/1/27 10:00:00,3134.0,3135.0,3130.0,3130.0,28333,88682290.0,1710654,RB0
2026/1/27 10:05:00,3130.0,3132.0,3128.0,3132.0,24175,75716100.0,1710141,RB0
2026/1/27 10:10:00,3131.0,3132.0,3130.0,3131.0,7342,22987802.0,1709432,RB0
2026/1/27 10:15:00,3132.0,3134.0,3131.0,3133.0,8792,27545336.0,1708745,RB0
2026/1/27 10:35:00,3133.0,3134.0,3131.0,3133.0,4940,15477020.0,1709084,RB0
2026/1/27 10:40:00,3133.0,3134.0,3132.0,3132.0,4037,12643884.0,1708918,RB0
2026/1/27 10:45:00,3132.0,3134.0,3132.0,3132.0,3849,12055068.0,1708474,RB0
2026/1/27 10:50:00,3132.0,3133.0,3131.0,3131.0,3197,10009807.0,1708439,RB0
2026/1/27 10:55:00,3131.0,3134.0,3131.0,3133.0,5628,17632524.0,1708397,RB0
2026/1/27 11:00:00,3133.0,3134.0,3132.0,3132.0,3307,10357524.0,1708362,RB0
2026/1/27 11:05:00,3133.0,3133.0,3128.0,3129.0,16299,50999571.0,1711986,RB0
2026/1/27 11:10:00,3128.0,3129.0,3125.0,3127.0,23791,74394457.0,1711687,RB0
2026/1/27 11:15:00,3127.0,3128.0,3122.0,3124.0,24125,75366500.0,1715654,RB0
2026/1/27 11:20:00,3123.0,3124.0,3121.0,3122.0,18349,57285578.0,1718155,RB0
2026/1/27 11:25:00,3122.0,3125.0,3121.0,3124.0,12503,39059372.0,1718449,RB0
2026/1/27 11:30:00,3124.0,3125.0,3121.0,3123.0,7725,24125175.0,1720452,RB0
2026/1/27 13:35:00,3123.0,3126.0,3123.0,3126.0,11922,37268172.0,1719296,RB0
2026/1/27 13:40:00,3126.0,3126.0,3124.0,3125.0,11362,35506250.0,1717934,RB0
2026/1/27 13:45:00,3126.0,3126.0,3122.0,3122.0,8673,27077106.0,1718305,RB0
2026/1/27 13:50:00,3122.0,3125.0,3122.0,3124.0,7466,23323784.0,1717962,RB0
2026/1/27 13:55:00,3124.0,3124.0,3121.0,3122.0,8674,27080228.0,1720039,RB0
2026/1/27 14:00:00,3121.0,3125.0,3121.0,3124.0,8194,25598056.0,1720276,RB0
2026/1/27 14:05:00,3125.0,3126.0,3123.0,3125.0,5458,17056250.0,1719662,RB0
2026/1/27 14:10:00,3126.0,3126.0,3123.0,3124.0,5832,18219168.0,1720369,RB0
2026/1/27 14:15:00,3124.0,3125.0,3123.0,3125.0,2869,8965625.0,1720295,RB0
2026/1/27 14:20:00,3124.0,3125.0,3124.0,3125.0,2250,7031250.0,1720369,RB0
2026/1/27 14:25:00,3124.0,3127.0,3124.0,3126.0,5950,18599700.0,1720203,RB0
2026/1/27 14:30:00,3126.0,3126.0,3125.0,3126.0,3898,12185148.0,1719141,RB0
2026/1/27 14:35:00,3126.0,3127.0,3124.0,3126.0,5518,17249268.0,1718960,RB0
2026/1/27 14:40:00,3127.0,3127.0,3125.0,3125.0,4669,14590625.0,1719563,RB0
2026/1/27 14:45:00,3125.0,3126.0,3124.0,3126.0,3927,12275802.0,1719666,RB0
2026/1/27 14:50:00,3126.0,3126.0,3124.0,3125.0,5141,16065625.0,1719347,RB0
2026/1/27 14:55:00,3125.0,3126.0,3124.0,3126.0,6903,21578778.0,1718663,RB0
2026/1/27 15:00:00,3127.0,3128.0,3126.0,3126.0,3902,12197652.0,1714659,RB0
2026/1/27 21:05:00,3126.0,3126.0,3121.0,3125.0,32912,102850000.0,1717878,RB0
2026/1/27 21:10:00,3125.0,3127.0,3124.0,3125.0,9941,31065625.0,1716846,RB0
2026/1/27 21:15:00,3125.0,3128.0,3124.0,3128.0,8989,28117592.0,1717758,RB0
2026/1/27 21:20:00,3128.0,3128.0,3125.0,3127.0,7970,24922190.0,1719344,RB0
2026/1/27 21:25:00,3127.0,3128.0,3126.0,3127.0,6316,19750132.0,1719585,RB0
2026/1/27 21:30:00,3127.0,3130.0,3127.0,3129.0,11222,35113638.0,1720566,RB0
2026/1/27 21:35:00,3130.0,3130.0,3128.0,3130.0,6693,20949090.0,1720942,RB0
2026/1/27 21:40:00,3130.0,3130.0,3128.0,3128.0,2587,8092136.0,1721007,RB0
2026/1/27 21:45:00,3128.0,3129.0,3127.0,3128.0,5254,16434512.0,1720953,RB0
2026/1/27 21:50:00,3128.0,3128.0,3126.0,3127.0,4630,14478010.0,1720654,RB0
2026/1/27 21:55:00,3127.0,3127.0,3125.0,3125.0,6812,21287500.0,1720076,RB0
2026/1/27 22:00:00,3125.0,3127.0,3125.0,3126.0,3511,10975386.0,1719881,RB0
2026/1/27 22:05:00,3126.0,3128.0,3126.0,3127.0,4232,13233464.0,1719919,RB0
2026/1/27 22:10:00,3127.0,3128.0,3125.0,3126.0,2605,8143230.0,1719429,RB0
2026/1/27 22:15:00,3126.0,3127.0,3125.0,3126.0,2367,7399242.0,1719363,RB0
2026/1/27 22:20:00,3126.0,3126.0,3123.0,3123.0,9648,30130704.0,1717945,RB0
2026/1/27 22:25:00,3123.0,3125.0,3123.0,3124.0,398,1243352.0,1717523,RB0
2026/1/27 22:30:00,3124.0,3125.0,3122.0,3124.0,5592,17469408.0,1718355,RB0
2026/1/27 22:35:00,3124.0,3124.0,3122.0,3124.0,2872,8972128.0,1718715,RB0
2026/1/27 22:40:00,3123.0,3126.0,3123.0,3125.0,7248,22650000.0,1718392,RB0
2026/1/27 22:45:00,3124.0,3125.0,3124.0,3125.0,1547,4834375.0,1718328,RB0
2026/1/27 22:50:00,3125.0,3125.0,3121.0,3122.0,8078,25219516.0,1719082,RB0
2026/1/27 22:55:00,3122.0,3124.0,3122.0,3123.0,3940,12304620.0,1718018,RB0
2026/1/27 23:00:00,3124.0,3126.0,3123.0,3123.0,8361,26111403.0,1716164,RB0
2026/1/28 9:05:00,3126.0,3129.0,3123.0,3126.0,15449,48293574.0,1715722,RB0
2026/1/28 9:10:00,3126.0,3126.0,3123.0,3124.0,11742,36682008.0,1717329,RB0
2026/1/28 9:15:00,3124.0,3125.0,3122.0,3123.0,6408,20012184.0,1717873,RB0
2026/1/28 9:20:00,3123.0,3125.0,3123.0,3125.0,3511,10971875.0,1718450,RB0
2026/1/28 9:25:00,3125.0,3125.0,3121.0,3121.0,5919,18473199.0,1720674,RB0
2026/1/28 9:30:00,3121.0,3125.0,3120.0,3124.0,15263,47681612.0,1721202,RB0
2026/1/28 9:35:00,3124.0,3126.0,3123.0,3125.0,6067,18959375.0,1720341,RB0
2026/1/28 9:40:00,3124.0,3126.0,3123.0,3126.0,6377,19934502.0,1720356,RB0
2026/1/28 9:45:00,3126.0,3127.0,3125.0,3127.0,7095,22186065.0,1720441,RB0
2026/1/28 9:50:00,3127.0,3127.0,3124.0,3126.0,338,1056588.0,1720088,RB0
2026/1/28 9:55:00,3125.0,3126.0,3123.0,3124.0,2013,6288612.0,1720146,RB0
2026/1/28 10:00:00,3124.0,3125.0,3122.0,3123.0,6227,19446921.0,1720475,RB0
2026/1/28 10:05:00,3122.0,3125.0,3121.0,3123.0,6278,19606194.0,1720170,RB0
2026/1/28 10:10:00,3123.0,3124.0,3121.0,3122.0,4053,12653466.0,1719539,RB0
2026/1/28 10:15:00,3122.0,3122.0,3115.0,3116.0,33345,103903020.0,1722802,RB0
2026/1/28 10:35:00,3117.0,3123.0,3116.0,3121.0,22254,69454734.0,1723951,RB0
2026/1/28 10:40:00,3121.0,3122.0,3119.0,3121.0,5648,17627408.0,1725010,RB0
2026/1/28 10:45:00,3122.0,3124.0,3118.0,3118.0,11825,36870350.0,1724071,RB0
2026/1/28 10:50:00,3119.0,3121.0,3118.0,3119.0,5994,18695286.0,1724179,RB0
2026/1/28 10:55:00,3119.0,3120.0,3117.0,3118.0,103,321154.0,1726348,RB0
2026/1/28 11:00:00,3118.0,3119.0,3116.0,3116.0,9633,30016428.0,1728438,RB0
2026/1/28 11:05:00,3117.0,3119.0,3115.0,3117.0,10,31170.0,1729715,RB0
2026/1/28 11:10:00,3117.0,3119.0,3116.0,3119.0,1205,3758395.0,1730511,RB0
2026/1/28 11:15:00,3119.0,3121.0,3118.0,3119.0,8365,26090435.0,1730948,RB0
2026/1/28 11:20:00,3119.0,3119.0,3116.0,3119.0,1208,3767752.0,1732566,RB0
2026/1/28 11:25:00,3118.0,3122.0,3118.0,3121.0,11875,37061875.0,1735241,RB0
2026/1/28 11:30:00,3121.0,3123.0,3118.0,3122.0,10634,33199348.0,1734161,RB0
2026/1/28 13:35:00,3121.0,3123.0,3120.0,3121.0,2358,7359318.0,1735317,RB0
2026/1/28 13:40:00,3121.0,3122.0,3119.0,3120.0,5913,18448560.0,1735397,RB0
2026/1/28 13:45:00,3120.0,3121.0,3119.0,3120.0,3402,10614240.0,1735653,RB0
2026/1/28 13:50:00,3120.0,3123.0,3119.0,3123.0,2172,6783156.0,1736286,RB0
2026/1/28 13:55:00,3123.0,3123.0,3120.0,3121.0,876,2733996.0,1735651,RB0
2026/1/28 14:00:00,3121.0,3122.0,3120.0,3122.0,3640,11364080.0,1735745,RB0
2026/1/28 14:05:00,3122.0,3128.0,3122.0,3124.0,9443,29499932.0,1732423,RB0
2026/1/28 14:10:00,3124.0,3127.0,3124.0,3126.0,8425,26336550.0,1734376,RB0
2026/1/28 14:15:00,3126.0,3127.0,3124.0,3125.0,12709,39715625.0,1737025,RB0
2026/1/28 14:20:00,3124.0,3125.0,3123.0,3123.0,14,43722.0,1736697,RB0
2026/1/28 14:25:00,3123.0,3124.0,3120.0,3121.0,5201,16232321.0,1737626,RB0
2026/1/28 14:30:00,3121.0,3122.0,3119.0,3119.0,8487,26470953.0,1739384,RB0
2026/1/28 14:35:00,3119.0,3122.0,3119.0,3120.0,5436,16960320.0,1740582,RB0
2026/1/28 14:40:00,3119.0,3120.0,3115.0,3117.0,176,548592.0,1744302,RB0
2026/1/28 14:45:00,3117.0,3120.0,3116.0,3118.0,5905,18411790.0,1745562,RB0
2026/1/28 14:50:00,3118.0,3122.0,3118.0,3121.0,8608,26865568.0,1745226,RB0
2026/1/28 14:55:00,3121.0,3122.0,3120.0,3121.0,6906,21553626.0,1744827,RB0
2026/1/28 15:00:00,3123.0,3123.0,3123.0,3123.0,0,0.0,1744406,RB0
2026/1/28 21:05:00,3123.0,3127.0,3120.0,3125.0,49643,155134375.0,1753825,RB0
2026/1/28 21:10:00,3125.0,3128.0,3124.0,3125.0,18082,56506250.0,1753392,RB0
2026/1/28 21:15:00,3125.0,3127.0,3123.0,3126.0,13402,41894652.0,1752477,RB0
2026/1/28 21:20:00,3126.0,3131.0,3125.0,3131.0,19287,60387597.0,1752148,RB0
2026/1/28 21:25:00,3130.0,3135.0,3130.0,3133.0,41966,131479478.0,1757374,RB0
2026/1/28 21:30:00,3133.0,3134.0,3133.0,3134.0,11348,35564632.0,1758167,RB0
2026/1/28 21:35:00,3134.0,3138.0,3133.0,3137.0,31329,98279073.0,1758690,RB0
2026/1/28 21:40:00,3137.0,3137.0,3132.0,3132.0,12763,39973716.0,1758853,RB0
2026/1/28 21:45:00,3133.0,3135.0,3132.0,3135.0,10326,32372010.0,1758937,RB0
2026/1/28 21:50:00,3135.0,3135.0,3133.0,3134.0,5591,17522194.0,1759119,RB0
2026/1/28 21:55:00,3133.0,3136.0,3133.0,3136.0,9374,29396864.0,1756303,RB0
2026/1/28 22:00:00,3136.0,3137.0,3135.0,3136.0,7638,23952768.0,1756534,RB0
2026/1/28 22:05:00,3136.0,3138.0,3135.0,3138.0,10046,31524348.0,1756476,RB0
2026/1/28 22:10:00,3137.0,3142.0,3137.0,3141.0,31517,98994897.0,1757899,RB0
2026/1/28 22:15:00,3141.0,3144.0,3141.0,3143.0,26106,82051158.0,1755546,RB0
2026/1/28 22:20:00,3142.0,3144.0,3141.0,3142.0,11864,37276688.0,1753945,RB0
2026/1/28 22:25:00,3142.0,3142.0,3139.0,3140.0,3032,9520480.0,1753146,RB0
2026/1/28 22:30:00,3140.0,3141.0,3139.0,3140.0,4784,15021760.0,1753121,RB0
2026/1/28 22:35:00,3140.0,3141.0,3139.0,3139.0,6291,19747449.0,1752532,RB0
2026/1/28 22:40:00,3139.0,3141.0,3139.0,3141.0,8034,25234794.0,1750560,RB0
2026/1/28 22:45:00,3141.0,3141.0,3139.0,3139.0,2963,9300857.0,1749970,RB0
2026/1/28 22:50:00,3139.0,3141.0,3138.0,3140.0,7782,24435480.0,1749582,RB0
2026/1/28 22:55:00,3140.0,3141.0,3138.0,3140.0,6895,21650300.0,1748857,RB0
2026/1/28 23:00:00,3140.0,3141.0,3139.0,3139.0,7967,25008413.0,1747218,RB0
2026/1/29 9:05:00,3139.0,3141.0,3137.0,3140.0,13873,43561220.0,1745922,RB0
2026/1/29 9:10:00,3139.0,3143.0,3139.0,3141.0,10287,32311467.0,1747128,RB0
2026/1/29 9:15:00,3141.0,3142.0,3140.0,3142.0,5231,16435802.0,1747348,RB0
2026/1/29 9:20:00,3141.0,3142.0,3138.0,3138.0,8301,26048538.0,1749003,RB0
2026/1/29 9:25:00,3138.0,3140.0,3137.0,3138.0,9274,29101812.0,1750092,RB0
2026/1/29 9:30:00,3139.0,3139.0,3137.0,3138.0,4135,12975630.0,1749011,RB0
2026/1/29 9:35:00,3138.0,3141.0,3138.0,3141.0,8095,25426395.0,1752229,RB0
2026/1/29 9:40:00,3141.0,3141.0,3138.0,3140.0,6707,21059980.0,1753809,RB0
2026/1/29 9:45:00,3141.0,3142.0,3140.0,3140.0,5630,17678200.0,1753115,RB0
2026/1/29 9:50:00,3141.0,3142.0,3140.0,3141.0,2125,6674625.0,1753277,RB0
2026/1/29 9:55:00,3142.0,3143.0,3141.0,3141.0,7112,22338792.0,1754221,RB0
2026/1/29 10:00:00,3140.0,3143.0,3139.0,3142.0,8277,26006334.0,1756183,RB0
2026/1/29 10:05:00,3146.0,3148.0,3141.0,3147.0,34723,109273281.0,1750804,RB0
2026/1/29 10:10:00,3146.0,3147.0,3142.0,3143.0,15166,47666738.0,1752219,RB0
2026/1/29 10:15:00,3143.0,3145.0,3142.0,3144.0,8044,25290336.0,1751661,RB0
2026/1/29 10:35:00,3142.0,3144.0,3139.0,3139.0,11917,37407463.0,1750859,RB0
2026/1/29 10:40:00,3139.0,3140.0,3137.0,3137.0,13605,42678885.0,1753049,RB0
2026/1/29 10:45:00,3138.0,3139.0,3137.0,3139.0,6079,19081981.0,1753119,RB0
2026/1/29 10:50:00,3139.0,3139.0,3137.0,3139.0,8268,25953252.0,1754170,RB0
2026/1/29 10:55:00,3143.0,3144.0,3138.0,3144.0,19841,62380104.0,1754060,RB0
2026/1/29 11:00:00,3143.0,3146.0,3142.0,3145.0,19374,60931230.0,1756615,RB0
2026/1/29 11:05:00,3145.0,3145.0,3142.0,3143.0,8964,28173852.0,1755119,RB0
2026/1/29 11:10:00,3142.0,3148.0,3142.0,3147.0,21179,66650313.0,1758639,RB0
2026/1/29 11:15:00,3146.0,3148.0,3145.0,3148.0,17987,56623076.0,1760048,RB0
2026/1/29 11:20:00,3147.0,3148.0,3144.0,3146.0,14829,46652034.0,1760852,RB0
2026/1/29 11:25:00,3146.0,3148.0,3145.0,3145.0,11760,36985200.0,1760367,RB0
2026/1/29 11:30:00,3146.0,3146.0,3142.0,3144.0,9444,29691936.0,1758220,RB0
2026/1/29 13:35:00,3145.0,3149.0,3142.0,3149.0,37666,118610234.0,1760045,RB0
2026/1/29 13:40:00,3149.0,3153.0,3148.0,3151.0,35501,111863651.0,1763465,RB0
2026/1/29 13:45:00,3151.0,3154.0,3150.0,3153.0,19791,62401023.0,1765909,RB0
2026/1/29 13:50:00,3152.0,3156.0,3151.0,3153.0,37898,119492394.0,1781037,RB0
2026/1/29 13:55:00,3155.0,3157.0,3153.0,3155.0,21860,68968300.0,1780270,RB0
2026/1/29 14:00:00,3155.0,3157.0,3154.0,3155.0,13634,43015270.0,1781402,RB0
2026/1/29 14:05:00,3155.0,3159.0,3155.0,3155.0,25386,80092830.0,1783386,RB0
2026/1/29 14:10:00,3155.0,3158.0,3154.0,3154.0,15049,47464546.0,1784516,RB0
2026/1/29 14:15:00,3153.0,3155.0,3152.0,3154.0,11961,37724994.0,1786749,RB0
2026/1/29 14:20:00,3155.0,3155.0,3153.0,3154.0,577,1819858.0,1787657,RB0
2026/1/29 14:25:00,3154.0,3156.0,3154.0,3155.0,9031,28492805.0,1788869,RB0
2026/1/29 14:30:00,3155.0,3155.0,3152.0,3153.0,11696,36877488.0,1789128,RB0
2026/1/29 14:35:00,3153.0,3153.0,3151.0,3152.0,9330,29408160.0,1790168,RB0
2026/1/29 14:40:00,3152.0,3155.0,3152.0,3155.0,9004,28407620.0,1791517,RB0
2026/1/29 14:45:00,3155.0,3157.0,3154.0,3156.0,6192,19541952.0,1792263,RB0
2026/1/29 14:50:00,3156.0,3158.0,3155.0,3156.0,11896,37543776.0,1787598,RB0
2026/1/29 14:55:00,3157.0,3158.0,3156.0,3156.0,10225,32270100.0,1787628,RB0
2026/1/29 15:00:00,3156.0,3157.0,3154.0,3157.0,1861,5875177.0,1785379,RB0
2026/1/29 21:05:00,3156.0,3168.0,3156.0,3163.0,95227,301203001.0,1797395,RB0
2026/1/29 21:10:00,3163.0,3167.0,3163.0,3166.0,29422,93150052.0,1797946,RB0
2026/1/29 21:15:00,3166.0,3167.0,3162.0,3163.0,22370,70756310.0,1800877,RB0
2026/1/29 21:20:00,3163.0,3164.0,3158.0,3160.0,29278,92518480.0,1802653,RB0
2026/1/29 21:25:00,3159.0,3161.0,3158.0,3161.0,19510,61671110.0,1801236,RB0
2026/1/29 21:30:00,3161.0,3161.0,3158.0,3160.0,13496,42647360.0,1803483,RB0
2026/1/29 21:35:00,3160.0,3161.0,3158.0,3158.0,11191,35341178.0,1803342,RB0
2026/1/29 21:40:00,3158.0,3162.0,3158.0,3162.0,11096,35085552.0,1805429,RB0
2026/1/29 21:45:00,3162.0,3162.0,3160.0,3161.0,6871,21719231.0,1806205,RB0
2026/1/29 21:50:00,3162.0,3162.0,3160.0,3160.0,6207,19614120.0,1806349,RB0
2026/1/29 21:55:00,3161.0,3162.0,3160.0,3162.0,6719,21245478.0,1805799,RB0
2026/1/29 22:00:00,3161.0,3163.0,3161.0,3162.0,8721,27575802.0,1806361,RB0
2026/1/29 22:05:00,3161.0,3167.0,3161.0,3166.0,15903,50348898.0,1808449,RB0
2026/1/29 22:10:00,3167.0,3168.0,3165.0,3167.0,23485,74376995.0,1810168,RB0
2026/1/29 22:15:00,3167.0,3168.0,3165.0,3166.0,6085,19265110.0,1811053,RB0
2026/1/29 22:20:00,3166.0,3167.0,3165.0,3165.0,6300,19939500.0,1812465,RB0
2026/1/29 22:25:00,3165.0,3168.0,3165.0,3167.0,3639,11524713.0,1813588,RB0
2026/1/29 22:30:00,3168.0,3172.0,3167.0,3172.0,34349,108955028.0,1825781,RB0
2026/1/29 22:35:00,3171.0,3173.0,3168.0,3168.0,18819,59618592.0,1828819,RB0
2026/1/29 22:40:00,3169.0,3171.0,3168.0,3171.0,9896,31380216.0,1829229,RB0
2026/1/29 22:45:00,3171.0,3172.0,3170.0,3172.0,10900,34574800.0,1829846,RB0
2026/1/29 22:50:00,3172.0,3172.0,3169.0,3170.0,15428,48906760.0,1828278,RB0
2026/1/29 22:55:00,3170.0,3170.0,3166.0,3167.0,17609,55767703.0,1824687,RB0
2026/1/29 23:00:00,3167.0,3168.0,3165.0,3166.0,11708,37067528.0,1822600,RB0
2026/1/30 9:05:00,3162.0,3166.0,3154.0,3157.0,59341,187339537.0,1809093,RB0
2026/1/30 9:10:00,3158.0,3158.0,3153.0,3154.0,22243,70154422.0,1807579,RB0
2026/1/30 9:15:00,3154.0,3156.0,3151.0,3151.0,24212,76292012.0,1804548,RB0
2026/1/30 9:20:00,3151.0,3154.0,3151.0,3153.0,22091,69652923.0,1800696,RB0
2026/1/30 9:25:00,3154.0,3154.0,3146.0,3146.0,23956,75365576.0,1799489,RB0
2026/1/30 9:30:00,3146.0,3148.0,3144.0,3147.0,25195,79288665.0,1795570,RB0
2026/1/30 9:35:00,3147.0,3149.0,3146.0,3147.0,12838,40401186.0,1794251,RB0
2026/1/30 9:40:00,3148.0,3148.0,3145.0,3145.0,15222,47873190.0,1792809,RB0
2026/1/30 9:45:00,3145.0,3147.0,3144.0,3146.0,13369,42058874.0,1791403,RB0
2026/1/30 9:50:00,3145.0,3147.0,3143.0,3143.0,10473,32916639.0,1789717,RB0
2026/1/30 9:55:00,3144.0,3145.0,3140.0,3141.0,21200,66589200.0,1786146,RB0
2026/1/30 10:00:00,3141.0,3143.0,3139.0,3141.0,21828,68561748.0,1785374,RB0
2026/1/30 10:05:00,3141.0,3143.0,3140.0,3141.0,16725,52533225.0,1784164,RB0
2026/1/30 10:10:00,3140.0,3144.0,3139.0,3141.0,17209,54053469.0,1782353,RB0
2026/1/30 10:15:00,3141.0,3141.0,3134.0,3135.0,27041,84773535.0,1781544,RB0
2026/1/30 10:35:00,3134.0,3134.0,3128.0,3131.0,72449,226837819.0,1773306,RB0
2026/1/30 10:40:00,3129.0,3134.0,3128.0,3134.0,34043,106690762.0,1767551,RB0
2026/1/30 10:45:00,3133.0,3135.0,3131.0,3132.0,7101,22240332.0,1766415,RB0
2026/1/30 10:50:00,3133.0,3136.0,3132.0,3135.0,13395,41993325.0,1763139,RB0
2026/1/30 10:55:00,3136.0,3136.0,3132.0,3133.0,11386,35672338.0,1764019,RB0
2026/1/30 11:00:00,3133.0,3134.0,3130.0,3133.0,11991,37567803.0,1765089,RB0
2026/1/30 11:05:00,3134.0,3134.0,3131.0,3132.0,7978,24987096.0,1767398,RB0
2026/1/30 11:10:00,3131.0,3132.0,3130.0,3132.0,9315,29174580.0,1767727,RB0
2026/1/30 11:15:00,3131.0,3132.0,3129.0,3129.0,10633,33270657.0,1769085,RB0
2026/1/30 11:20:00,3129.0,3131.0,3128.0,3129.0,9476,29650404.0,1768490,RB0
2026/1/30 11:25:00,3128.0,3128.0,3125.0,3125.0,29127,91021875.0,1767882,RB0
2026/1/30 11:30:00,3126.0,3129.0,3124.0,3128.0,17662,55246736.0,1763421,RB0
2026/1/30 13:35:00,3130.0,3132.0,3128.0,3131.0,22284,69771204.0,1761618,RB0
2026/1/30 13:40:00,3131.0,3131.0,3129.0,3129.0,11063,34616127.0,1761201,RB0
2026/1/30 13:45:00,3129.0,3132.0,3129.0,3131.0,3245,10160095.0,1761980,RB0
2026/1/30 13:50:00,3131.0,3131.0,3128.0,3129.0,1931,6042099.0,1761253,RB0
2026/1/30 13:55:00,3129.0,3133.0,3128.0,3132.0,8534,26728488.0,1758524,RB0
2026/1/30 14:00:00,3132.0,3132.0,3129.0,3130.0,3384,10591920.0,1757693,RB0
2026/1/30 14:05:00,3129.0,3131.0,3129.0,3131.0,5589,17499159.0,1756414,RB0
2026/1/30 14:10:00,3131.0,3132.0,3129.0,3132.0,8513,26662716.0,1753690,RB0
2026/1/30 14:15:00,3132.0,3134.0,3131.0,3133.0,2695,8443435.0,1752215,RB0
2026/1/30 14:20:00,3133.0,3133.0,3130.0,3132.0,5,15660.0,1751034,RB0
2026/1/30 14:25:00,3132.0,3133.0,3131.0,3133.0,4389,13750737.0,1748000,RB0
2026/1/30 14:30:00,3133.0,3133.0,3130.0,3131.0,701,2194831.0,1748598,RB0
2026/1/30 14:35:00,3131.0,3132.0,3130.0,3131.0,326,1020706.0,1744626,RB0
2026/1/30 14:40:00,3131.0,3133.0,3130.0,3133.0,524,1641692.0,1742262,RB0
2026/1/30 14:45:00,3133.0,3133.0,3130.0,3131.0,1867,5845577.0,1740794,RB0
2026/1/30 14:50:00,3130.0,3131.0,3130.0,3130.0,2115,6619950.0,1738728,RB0
2026/1/30 14:55:00,3130.0,3131.0,3129.0,3130.0,3156,9878280.0,1738209,RB0
2026/1/30 15:00:00,3129.0,3130.0,3128.0,3128.0,15746,49253488.0,1734109,RB0
2026/1/30 21:05:00,3127.0,3131.0,3122.0,3130.0,49093,153661090.0,1734729,RB0
2026/1/30 21:10:00,3131.0,3132.0,3128.0,3130.0,18651,58377630.0,1738027,RB0
2026/1/30 21:15:00,3130.0,3131.0,3129.0,3129.0,7954,24888066.0,1740436,RB0
2026/1/30 21:20:00,3130.0,3133.0,3128.0,3132.0,14305,44803260.0,1744856,RB0
2026/1/30 21:25:00,3133.0,3135.0,3131.0,3135.0,18566,58204410.0,1748838,RB0
2026/1/30 21:30:00,3134.0,3139.0,3133.0,3137.0,17760,55713120.0,1748011,RB0
2026/1/30 21:35:00,3138.0,3138.0,3135.0,3137.0,13290,41690730.0,1748765,RB0
2026/1/30 21:40:00,3137.0,3138.0,3134.0,3138.0,8789,27579882.0,1747945,RB0
2026/1/30 21:45:00,3138.0,3138.0,3135.0,3136.0,10353,32467008.0,1745601,RB0
2026/1/30 21:50:00,3136.0,3137.0,3132.0,3132.0,12923,40474836.0,1743929,RB0
2026/1/30 21:55:00,3132.0,3135.0,3132.0,3135.0,7326,22967010.0,1743882,RB0
2026/1/30 22:00:00,3135.0,3135.0,3134.0,3134.0,3793,11887262.0,1743645,RB0
2026/1/30 22:05:00,3134.0,3136.0,3133.0,3134.0,4166,13056244.0,1743756,RB0
2026/1/30 22:10:00,3135.0,3138.0,3134.0,3138.0,6632,20811216.0,1744602,RB0
2026/1/30 22:15:00,3138.0,3138.0,3136.0,3137.0,5399,16936663.0,1744958,RB0
2026/1/30 22:20:00,3136.0,3137.0,3135.0,3136.0,4152,13020672.0,1745010,RB0
2026/1/30 22:25:00,3136.0,3138.0,3134.0,3135.0,6612,20728620.0,1743746,RB0
2026/1/30 22:30:00,3135.0,3138.0,3135.0,3137.0,4486,14072582.0,1743172,RB0
2026/1/30 22:35:00,3137.0,3137.0,3135.0,3135.0,3553,11138655.0,1743142,RB0
2026/1/30 22:40:00,3135.0,3137.0,3134.0,3137.0,4673,14659201.0,1742352,RB0
2026/1/30 22:45:00,3136.0,3137.0,3134.0,3136.0,6224,19518464.0,1742577,RB0
2026/1/30 22:50:00,3136.0,3137.0,3134.0,3136.0,3106,9740416.0,1741522,RB0
2026/1/30 22:55:00,3136.0,3137.0,3134.0,3135.0,5695,17853825.0,1740816,RB0
2026/1/30 23:00:00,3136.0,3136.0,3134.0,3135.0,7949,24920115.0,1739552,RB0
2026/2/2 9:05:00,3127.0,3134.0,3124.0,3127.0,46289,144745703.0,1736390,RB0
2026/2/2 9:10:00,3127.0,3128.0,3124.0,3126.0,16505,51594630.0,1736358,RB0
2026/2/2 9:15:00,3126.0,3128.0,3122.0,3124.0,20042,62611208.0,1737455,RB0
2026/2/2 9:20:00,3124.0,3126.0,3122.0,3123.0,14873,46448379.0,1738586,RB0
2026/2/2 9:25:00,3123.0,3125.0,3123.0,3124.0,12466,38943784.0,1738915,RB0
2026/2/2 9:30:00,3123.0,3125.0,3122.0,3122.0,10522,32849684.0,1738272,RB0
2026/2/2 9:35:00,3122.0,3122.0,3118.0,3121.0,35548,110945308.0,1735108,RB0
2026/2/2 9:40:00,3120.0,3124.0,3120.0,3123.0,11227,35061921.0,1734380,RB0
2026/2/2 9:45:00,3123.0,3126.0,3122.0,3126.0,8754,27365004.0,1734522,RB0
2026/2/2 9:50:00,3124.0,3126.0,3119.0,3119.0,19484,60770596.0,1736659,RB0
2026/2/2 9:55:00,3119.0,3122.0,3119.0,3122.0,9803,30604966.0,1736731,RB0
2026/2/2 10:00:00,3121.0,3124.0,3121.0,3123.0,10708,33441084.0,1735368,RB0
2026/2/2 10:05:00,3123.0,3127.0,3122.0,3125.0,289,903125.0,1733745,RB0
2026/2/2 10:10:00,3126.0,3127.0,3124.0,3124.0,11091,34648284.0,1733970,RB0
2026/2/2 10:15:00,3122.0,3124.0,3119.0,3121.0,20145,62872545.0,1735197,RB0
2026/2/2 10:35:00,3121.0,3122.0,3119.0,3121.0,8779,27399259.0,1735656,RB0
2026/2/2 10:40:00,3120.0,3122.0,3118.0,3120.0,12916,40297920.0,1736916,RB0
2026/2/2 10:45:00,3120.0,3122.0,3118.0,3119.0,7474,23311406.0,1738184,RB0
2026/2/2 10:50:00,3119.0,3119.0,3115.0,3115.0,29248,91107520.0,1744834,RB0
2026/2/2 10:55:00,3116.0,3116.0,3112.0,3115.0,32533,101340295.0,1748897,RB0
2026/2/2 11:00:00,3115.0,3115.0,3108.0,3108.0,33760,104926080.0,1745871,RB0
2026/2/2 11:05:00,3109.0,3110.0,3105.0,3107.0,38032,118165424.0,1747523,RB0
2026/2/2 11:10:00,3107.0,3110.0,3106.0,3110.0,17670,54953700.0,1747419,RB0
2026/2/2 11:15:00,3109.0,3110.0,3108.0,3109.0,11874,36916266.0,1748487,RB0
2026/2/2 11:20:00,3109.0,3111.0,3108.0,3109.0,9245,28742705.0,1748771,RB0
2026/2/2 11:25:00,3110.0,3110.0,3108.0,3110.0,7028,21857080.0,1748501,RB0
2026/2/2 11:30:00,3110.0,3113.0,3109.0,3111.0,11845,36849795.0,1746825,RB0
2026/2/2 13:35:00,3110.0,3112.0,3108.0,3109.0,22699,70571191.0,1744395,RB0
2026/2/2 13:40:00,3110.0,3110.0,3106.0,3107.0,22775,70761925.0,1747605,RB0
2026/2/2 13:45:00,3106.0,3109.0,3105.0,3106.0,4064,12622784.0,1744868,RB0
2026/2/2 13:50:00,3105.0,3106.0,3101.0,3101.0,55350,171640350.0,1746837,RB0
2026/2/2 13:55:00,3096.0,3102.0,3095.0,3098.0,64203,198900894.0,1752201,RB0
2026/2/2 14:00:00,3097.0,3104.0,3096.0,3101.0,27712,85934912.0,1758894,RB0
2026/2/2 14:05:00,3099.0,3104.0,3098.0,3102.0,22907,71057514.0,1764029,RB0
2026/2/2 14:10:00,3103.0,3104.0,3099.0,3101.0,19021,58984121.0,1766785,RB0
2026/2/2 14:15:00,3101.0,3102.0,3099.0,3099.0,6666,20657934.0,1767833,RB0
2026/2/2 14:20:00,3099.0,3100.0,3097.0,3098.0,13680,42380640.0,1769988,RB0
2026/2/2 14:25:00,3097.0,3099.0,3096.0,3097.0,13875,42970875.0,1773372,RB0
2026/2/2 14:30:00,3097.0,3097.0,3094.0,3095.0,21721,67226495.0,1776018,RB0
2026/2/2 14:35:00,3095.0,3099.0,3093.0,3098.0,22745,70464010.0,1780334,RB0
2026/2/2 14:40:00,3098.0,3099.0,3096.0,3096.0,9870,30557520.0,1779800,RB0
2026/2/2 14:45:00,3097.0,3100.0,3096.0,3098.0,11642,36066916.0,1780761,RB0
2026/2/2 14:50:00,3098.0,3098.0,3096.0,3096.0,9769,30244824.0,1781270,RB0
2026/2/2 14:55:00,3096.0,3098.0,3095.0,3096.0,14401,44585496.0,1783509,RB0
2026/2/2 15:00:00,3098.0,3098.0,3098.0,3098.0,0,0.0,1784097,RB0
2026/2/2 21:05:00,3109.0,3111.0,3105.0,3107.0,62275,193488425.0,1786812,RB0
2026/2/2 21:10:00,3108.0,3113.0,3105.0,3113.0,35058,109135554.0,1792110,RB0
2026/2/2 21:15:00,3114.0,3117.0,3111.0,3112.0,34725,108064200.0,1786955,RB0
2026/2/2 21:20:00,3111.0,3112.0,3109.0,3109.0,16071,49964739.0,1790370,RB0
2026/2/2 21:25:00,3109.0,3111.0,3106.0,3110.0,16404,51016440.0,1793687,RB0
2026/2/2 21:30:00,3109.0,3112.0,3108.0,3111.0,8984,27949224.0,1792996,RB0
2026/2/2 21:35:00,3111.0,3111.0,3107.0,3108.0,8507,26439756.0,1794239,RB0
2026/2/2 21:40:00,3108.0,3110.0,3107.0,3109.0,4652,14463068.0,1793674,RB0
2026/2/2 21:45:00,3109.0,3110.0,3106.0,3107.0,8557,26586599.0,1793029,RB0
2026/2/2 21:50:00,3108.0,3110.0,3107.0,3108.0,6112,18996096.0,1792276,RB0
2026/2/2 21:55:00,3109.0,3110.0,3107.0,3108.0,4842,15048936.0,1791149,RB0
2026/2/2 22:00:00,3108.0,3110.0,3108.0,3109.0,2421,7526889.0,1791253,RB0
2026/2/2 22:05:00,3110.0,3112.0,3109.0,3110.0,5700,17727000.0,1791553,RB0
2026/2/2 22:10:00,3110.0,3113.0,3110.0,3111.0,6926,21546786.0,1789296,RB0
2026/2/2 22:15:00,3112.0,3115.0,3111.0,3113.0,10322,32132386.0,1787862,RB0
2026/2/2 22:20:00,3113.0,3113.0,3111.0,3112.0,3643,11337016.0,1787887,RB0
2026/2/2 22:25:00,3111.0,3112.0,3110.0,3111.0,397,1235067.0,1788078,RB0
2026/2/2 22:30:00,3111.0,3112.0,3111.0,3112.0,1451,4515512.0,1788009,RB0
2026/2/2 22:35:00,3112.0,3112.0,3110.0,3110.0,1438,4472180.0,1788125,RB0
2026/2/2 22:40:00,3110.0,3114.0,3110.0,3113.0,5844,18192372.0,1786875,RB0
2026/2/2 22:45:00,3113.0,3114.0,3111.0,3114.0,3216,10014624.0,1787148,RB0
2026/2/2 22:50:00,3114.0,3115.0,3112.0,3112.0,7495,23324440.0,1786656,RB0
2026/2/2 22:55:00,3112.0,3113.0,3111.0,3111.0,3602,11205822.0,1785901,RB0
2026/2/2 23:00:00,3112.0,3112.0,3110.0,3111.0,7179,22333869.0,1784873,RB0
2026/2/3 9:05:00,3111.0,3116.0,3110.0,3113.0,22415,69777895.0,1787190,RB0
2026/2/3 9:10:00,3113.0,3114.0,3109.0,3111.0,11908,37045788.0,1788713,RB0
2026/2/3 9:15:00,3111.0,3112.0,3109.0,3112.0,7252,22568224.0,1789072,RB0
2026/2/3 9:20:00,3111.0,3113.0,3110.0,3112.0,6724,20925088.0,1789892,RB0
2026/2/3 9:25:00,3112.0,3113.0,3111.0,3111.0,8753,27230583.0,1790450,RB0
2026/2/3 9:30:00,3111.0,3113.0,3109.0,3113.0,7292,22699996.0,1790517,RB0
2026/2/3 9:35:00,3112.0,3114.0,3110.0,3113.0,8660,26958580.0,1789885,RB0
2026/2/3 9:40:00,3113.0,3116.0,3112.0,3114.0,8263,25730982.0,1790451,RB0
2026/2/3 9:45:00,3115.0,3115.0,3113.0,3114.0,5075,15803550.0,1790046,RB0
2026/2/3 9:50:00,3113.0,3116.0,3112.0,3114.0,2850,8874900.0,1789784,RB0
2026/2/3 9:55:00,3114.0,3116.0,3113.0,3115.0,7171,22337665.0,1787953,RB0
2026/2/3 10:00:00,3116.0,3117.0,3115.0,3117.0,8776,27354792.0,1788561,RB0
2026/2/3 10:05:00,3113.0,3117.0,3112.0,3112.0,11096,34530752.0,1787973,RB0
2026/2/3 10:10:00,3110.0,3113.0,3109.0,3109.0,11349,35284041.0,1788335,RB0
2026/2/3 10:15:00,3108.0,3110.0,3106.0,3107.0,13160,40888120.0,1787863,RB0
2026/2/3 10:35:00,3107.0,3107.0,3102.0,3102.0,24149,74910198.0,1786395,RB0
2026/2/3 10:40:00,3102.0,3103.0,3101.0,3101.0,14121,43789221.0,1789075,RB0
2026/2/3 10:45:00,3099.0,3102.0,3098.0,3098.0,19222,59549756.0,1790693,RB0
2026/2/3 10:50:00,3100.0,3100.0,3097.0,3099.0,10708,33184092.0,1789856,RB0
2026/2/3 10:55:00,3100.0,3101.0,3098.0,3100.0,12204,37832400.0,1790455,RB0
2026/2/3 11:00:00,3100.0,3100.0,3095.0,3097.0,14091,43639827.0,1791443,RB0
2026/2/3 11:05:00,3097.0,3099.0,3095.0,3098.0,8874,27491652.0,1791703,RB0
2026/2/3 11:10:00,3097.0,3099.0,3095.0,3097.0,8503,26333791.0,1792372,RB0
2026/2/3 11:15:00,3097.0,3098.0,3095.0,3096.0,7981,24709176.0,1793476,RB0
2026/2/3 11:20:00,3096.0,3099.0,3095.0,3099.0,7321,22687779.0,1794285,RB0
2026/2/3 11:25:00,3100.0,3100.0,3096.0,3096.0,7351,22758696.0,1793362,RB0
2026/2/3 11:30:00,3096.0,3101.0,3096.0,3100.0,7990,24769000.0,1792749,RB0
2026/2/3 13:35:00,3100.0,3101.0,3098.0,3100.0,7804,24192400.0,1792015,RB0
2026/2/3 13:40:00,3100.0,3101.0,3098.0,3099.0,8317,25774383.0,1794350,RB0
2026/2/3 13:45:00,3099.0,3100.0,3097.0,3098.0,6708,20781384.0,1795410,RB0
2026/2/3 13:50:00,3098.0,3100.0,3096.0,3100.0,4781,14821100.0,1796135,RB0
2026/2/3 13:55:00,3100.0,3100.0,3097.0,3099.0,4942,15315258.0,1797114,RB0
2026/2/3 14:00:00,3099.0,3099.0,3097.0,3097.0,3449,10681553.0,1797755,RB0
2026/2/3 14:05:00,3098.0,3098.0,3096.0,3096.0,6286,19461456.0,1799439,RB0
2026/2/3 14:10:00,3097.0,3098.0,3096.0,3098.0,4055,12562390.0,1800287,RB0
2026/2/3 14:15:00,3098.0,3099.0,3097.0,3098.0,5491,17011118.0,1801348,RB0
2026/2/3 14:20:00,3098.0,3101.0,3097.0,3100.0,11245,34859500.0,1801308,RB0
2026/2/3 14:25:00,3100.0,3101.0,3096.0,3098.0,10306,31927988.0,1803313,RB0
2026/2/3 14:30:00,3098.0,3099.0,3097.0,3097.0,5479,16968463.0,1804411,RB0
2026/2/3 14:35:00,3097.0,3100.0,3097.0,3099.0,5214,16158186.0,1805302,RB0
2026/2/3 14:40:00,3100.0,3102.0,3099.0,3101.0,8446,26191046.0,1805596,RB0
2026/2/3 14:45:00,3101.0,3101.0,3099.0,3099.0,5991,18566109.0,1805977,RB0
2026/2/3 14:50:00,3100.0,3100.0,3099.0,3100.0,4028,12486800.0,1805447,RB0
2026/2/3 14:55:00,3099.0,3100.0,3098.0,3099.0,9202,28516998.0,1805440,RB0
2026/2/3 15:00:00,3098.0,3100.0,3098.0,3099.0,773,2395527.0,1805126,RB0
2026/2/3 21:05:00,3106.0,3111.0,3103.0,3109.0,65165,202597985.0,1809806,RB0
2026/2/3 21:10:00,3109.0,3112.0,3108.0,3111.0,17395,54115845.0,1807649,RB0
2026/2/3 21:15:00,3112.0,3116.0,3110.0,3115.0,24395,75990425.0,1806555,RB0
2026/2/3 21:20:00,3116.0,3116.0,3112.0,3112.0,16251,50573112.0,1805633,RB0
2026/2/3 21:25:00,3112.0,3113.0,3111.0,3111.0,6582,20476602.0,1804611,RB0
2026/2/3 21:30:00,3112.0,3113.0,3110.0,3111.0,6117,19029987.0,1804713,RB0
2026/2/3 21:35:00,3110.0,3112.0,3109.0,3109.0,7131,22170279.0,1805609,RB0
2026/2/3 21:40:00,3109.0,3112.0,3109.0,3112.0,6115,19029880.0,1805138,RB0
2026/2/3 21:45:00,3111.0,3112.0,3109.0,3110.0,3936,12240960.0,1804938,RB0
2026/2/3 21:50:00,3110.0,3110.0,3109.0,3110.0,2213,6882430.0,1804392,RB0
2026/2/3 21:55:00,3110.0,3110.0,3108.0,3108.0,5113,15891204.0,1805287,RB0
2026/2/3 22:00:00,3108.0,3110.0,3108.0,3110.0,2631,8182410.0,1805262,RB0
2026/2/3 22:05:00,3109.0,3110.0,3108.0,3109.0,1674,5204466.0,1805044,RB0
2026/2/3 22:10:00,3109.0,3110.0,3108.0,3110.0,3629,11286190.0,1805816,RB0
2026/2/3 22:15:00,3110.0,3110.0,3108.0,3108.0,3062,9516696.0,1806082,RB0
2026/2/3 22:20:00,3108.0,3109.0,3106.0,3107.0,5814,18064098.0,1807066,RB0
2026/2/3 22:25:00,3107.0,3107.0,3106.0,3107.0,286,888602.0,1807011,RB0
2026/2/3 22:30:00,3106.0,3107.0,3106.0,3107.0,987,3066609.0,1806789,RB0
2026/2/3 22:35:00,3107.0,3107.0,3105.0,3106.0,5658,17573748.0,1806725,RB0
2026/2/3 22:40:00,3106.0,3108.0,3105.0,3106.0,4068,12635208.0,1807991,RB0
2026/2/3 22:45:00,3106.0,3108.0,3106.0,3107.0,1689,5247723.0,1807892,RB0
2026/2/3 22:50:00,3107.0,3108.0,3107.0,3108.0,731,2271948.0,1807675,RB0
2026/2/3 22:55:00,3108.0,3108.0,3107.0,3107.0,1654,5138978.0,1807460,RB0
2026/2/3 23:00:00,3107.0,3108.0,3105.0,3105.0,5876,18244980.0,1806486,RB0
2026/2/4 9:05:00,3107.0,3107.0,3101.0,3102.0,16772,52026744.0,1808141,RB0
2026/2/4 9:10:00,3102.0,3105.0,3101.0,3103.0,6901,21413803.0,1808728,RB0
2026/2/4 9:15:00,3104.0,3104.0,3101.0,3101.0,5148,15963948.0,1808493,RB0
2026/2/4 9:20:00,3101.0,3104.0,3100.0,3104.0,8361,25952544.0,1807163,RB0
2026/2/4 9:25:00,3104.0,3105.0,3102.0,3105.0,4785,14857425.0,1807117,RB0
2026/2/4 9:30:00,3105.0,3106.0,3103.0,3104.0,5719,17751776.0,1806654,RB0
2026/2/4 9:35:00,3104.0,3107.0,3104.0,3106.0,6021,18701226.0,1807493,RB0
2026/2/4 9:40:00,3106.0,3106.0,3103.0,3103.0,2830,8781490.0,1808042,RB0
2026/2/4 9:45:00,3104.0,3106.0,3103.0,3105.0,3924,12184020.0,1808946,RB0
2026/2/4 9:50:00,3104.0,3105.0,3103.0,3104.0,3447,10699488.0,1808564,RB0
2026/2/4 9:55:00,3106.0,3108.0,3103.0,3108.0,8342,25926936.0,1809027,RB0
2026/2/4 10:00:00,3110.0,3113.0,3107.0,3109.0,22239,69141051.0,1806921,RB0
2026/2/4 10:05:00,3110.0,3111.0,3108.0,3110.0,5322,16551420.0,1807210,RB0
2026/2/4 10:10:00,3112.0,3114.0,3109.0,3111.0,11056,34395216.0,1805829,RB0
2026/2/4 10:15:00,3112.0,3116.0,3111.0,3115.0,14818,46158070.0,1807685,RB0
2026/2/4 10:35:00,3114.0,3119.0,3113.0,3117.0,33861,105544737.0,1801531,RB0
2026/2/4 10:40:00,3116.0,3118.0,3114.0,3115.0,13782,42930930.0,1800224,RB0
2026/2/4 10:45:00,3115.0,3116.0,3113.0,3115.0,10969,34168435.0,1797817,RB0
2026/2/4 10:50:00,3115.0,3116.0,3113.0,3114.0,6745,21003930.0,1796853,RB0
2026/2/4 10:55:00,3112.0,3115.0,3111.0,3111.0,8528,26530608.0,1796933,RB0
2026/2/4 11:00:00,3111.0,3113.0,3111.0,3111.0,3711,11544921.0,1796290,RB0
2026/2/4 11:05:00,3112.0,3114.0,3111.0,3114.0,4312,13427568.0,1796355,RB0
2026/2/4 11:10:00,3113.0,3116.0,3113.0,3114.0,7037,21913218.0,1797454,RB0
2026/2/4 11:15:00,3114.0,3118.0,3114.0,3116.0,10952,34126432.0,1794046,RB0
2026/2/4 11:20:00,3116.0,3117.0,3112.0,3114.0,8143,25357302.0,1793496,RB0
2026/2/4 11:25:00,3114.0,3117.0,3113.0,3116.0,9572,29826352.0,1792630,RB0
2026/2/4 11:30:00,3116.0,3117.0,3113.0,3116.0,2098,6537368.0,1791216,RB0
2026/2/4 13:35:00,3115.0,3118.0,3113.0,3114.0,18489,57574746.0,1791699,RB0
2026/2/4 13:40:00,3114.0,3116.0,3112.0,3114.0,11355,35359470.0,1791042,RB0
2026/2/4 13:45:00,3115.0,3115.0,3113.0,3113.0,5847,18201711.0,1790030,RB0
2026/2/4 13:50:00,3114.0,3115.0,3113.0,3114.0,5669,17653266.0,1789553,RB0
2026/2/4 13:55:00,3115.0,3115.0,3112.0,3114.0,7548,23504472.0,1789700,RB0
2026/2/4 14:00:00,3114.0,3114.0,3109.0,3109.0,14515,45127135.0,1791680,RB0
2026/2/4 14:05:00,3109.0,3111.0,3107.0,3107.0,12323,38287561.0,1794570,RB0
2026/2/4 14:10:00,3108.0,3109.0,3103.0,3104.0,16978,52699712.0,1794982,RB0
2026/2/4 14:15:00,3105.0,3107.0,3104.0,3107.0,9293,28873351.0,1794234,RB0
2026/2/4 14:20:00,3107.0,3107.0,3104.0,3105.0,8225,25538625.0,1796673,RB0
2026/2/4 14:25:00,3105.0,3107.0,3104.0,3106.0,3805,11818330.0,1797369,RB0
2026/2/4 14:30:00,3106.0,3108.0,3105.0,3107.0,5025,15612675.0,1798278,RB0
2026/2/4 14:35:00,3107.0,3109.0,3107.0,3108.0,4768,14818944.0,1799311,RB0
2026/2/4 14:40:00,3108.0,3109.0,3107.0,3109.0,3883,12072247.0,1800460,RB0
2026/2/4 14:45:00,3109.0,3109.0,3108.0,3109.0,4419,13738671.0,1799761,RB0
2026/2/4 14:50:00,3109.0,3111.0,3108.0,3111.0,7944,24713784.0,1799503,RB0
2026/2/4 14:55:00,3111.0,3111.0,3110.0,3110.0,3266,10157260.0,1799079,RB0
2026/2/4 15:00:00,3109.0,3111.0,3108.0,3110.0,8204,25514440.0,1798227,RB0
2026/2/4 21:05:00,3110.0,3113.0,3106.0,3113.0,44240,137719120.0,1805518,RB0
2026/2/4 21:10:00,3112.0,3113.0,3109.0,3109.0,15163,47141767.0,1808119,RB0
2026/2/4 21:15:00,3109.0,3110.0,3108.0,3110.0,7549,23477390.0,1807968,RB0
2026/2/4 21:20:00,3109.0,3111.0,3108.0,3108.0,8292,25771536.0,1808129,RB0
2026/2/4 21:25:00,3108.0,3112.0,3108.0,3111.0,5484,17060724.0,1808022,RB0
2026/2/4 21:30:00,3111.0,3112.0,3108.0,3108.0,5354,16640232.0,1807114,RB0
2026/2/4 21:35:00,3108.0,3110.0,3108.0,3110.0,3726,11587860.0,1807102,RB0
2026/2/4 21:40:00,3110.0,3111.0,3109.0,3111.0,3349,10418739.0,1807638,RB0
2026/2/4 21:45:00,3111.0,3112.0,3108.0,3108.0,4757,14784756.0,1806921,RB0
2026/2/4 21:50:00,3108.0,3109.0,3106.0,3107.0,7994,24837358.0,1807333,RB0
2026/2/4 21:55:00,3108.0,3110.0,3107.0,3108.0,3662,11381496.0,1807887,RB0
2026/2/4 22:00:00,3108.0,3112.0,3108.0,3111.0,8897,27678567.0,1805678,RB0
2026/2/4 22:05:00,3111.0,3113.0,3110.0,3112.0,7660,23837920.0,1805157,RB0
2026/2/4 22:10:00,3112.0,3112.0,3110.0,3110.0,2751,8555610.0,1804767,RB0
2026/2/4 22:15:00,3110.0,3113.0,3110.0,3111.0,3278,10197858.0,1804436,RB0
2026/2/4 22:20:00,3111.0,3112.0,3110.0,3112.0,2029,6314248.0,1804333,RB0
2026/2/4 22:25:00,3111.0,3112.0,3110.0,3112.0,93,289416.0,1804431,RB0
2026/2/4 22:30:00,3112.0,3112.0,3110.0,3111.0,866,2694126.0,1804368,RB0
2026/2/4 22:35:00,3111.0,3112.0,3109.0,3109.0,5297,16468373.0,1805300,RB0
2026/2/4 22:40:00,3109.0,3110.0,3108.0,3108.0,2755,8562540.0,1805467,RB0
2026/2/4 22:45:00,3108.0,3109.0,3107.0,3108.0,4518,14041944.0,1805140,RB0
2026/2/4 22:50:00,3108.0,3109.0,3107.0,3108.0,3277,10184916.0,1805044,RB0
2026/2/4 22:55:00,3108.0,3109.0,3107.0,3108.0,2692,8366736.0,1804706,RB0
2026/2/4 23:00:00,3107.0,3108.0,3105.0,3105.0,7854,24386670.0,1804283,RB0
2026/2/5 9:05:00,3106.0,3107.0,3101.0,3103.0,24084,74732652.0,1811551,RB0
2026/2/5 9:10:00,3103.0,3104.0,3102.0,3104.0,5903,18322912.0,1812344,RB0
2026/2/5 9:15:00,3103.0,3104.0,3095.0,3097.0,29771,92200787.0,1821318,RB0
2026/2/5 9:20:00,3096.0,3097.0,3091.0,3092.0,31116,96210672.0,1831431,RB0
2026/2/5 9:25:00,3092.0,3094.0,3089.0,3093.0,37125,114827625.0,1836921,RB0
2026/2/5 9:30:00,3093.0,3093.0,3088.0,3089.0,15190,46921910.0,1840746,RB0
2026/2/5 9:35:00,3089.0,3090.0,3087.0,3090.0,20511,63378990.0,1849357,RB0
2026/2/5 9:40:00,3090.0,3093.0,3088.0,3091.0,15097,46664827.0,1853377,RB0
2026/2/5 9:45:00,3092.0,3093.0,3089.0,3091.0,8854,27367714.0,1854465,RB0
2026/2/5 9:50:00,3091.0,3091.0,3088.0,3089.0,1819,5618891.0,1857130,RB0
2026/2/5 9:55:00,3090.0,3091.0,3089.0,3090.0,5752,17773680.0,1857749,RB0
2026/2/5 10:00:00,3091.0,3091.0,3088.0,3088.0,9174,28329312.0,1860555,RB0
2026/2/5 10:05:00,3088.0,3088.0,3086.0,3088.0,16851,52035888.0,1862794,RB0
2026/2/5 10:10:00,3088.0,3090.0,3087.0,3089.0,7149,22083261.0,1864680,RB0
2026/2/5 10:15:00,3092.0,3093.0,3088.0,3088.0,18043,55716784.0,1863008,RB0
2026/2/5 10:35:00,3089.0,3090.0,3086.0,3087.0,11865,36627255.0,1865268,RB0
2026/2/5 10:40:00,3089.0,3091.0,3087.0,3088.0,9593,29623184.0,1866622,RB0
2026/2/5 10:45:00,3088.0,3091.0,3087.0,3089.0,8026,24792314.0,1866647,RB0
2026/2/5 10:50:00,3089.0,3090.0,3087.0,3089.0,6847,21150383.0,1868439,RB0
2026/2/5 10:55:00,3089.0,3092.0,3088.0,3091.0,10794,33364254.0,1869089,RB0
2026/2/5 11:00:00,3091.0,3091.0,3088.0,3088.0,4794,14803872.0,1869704,RB0
2026/2/5 11:05:00,3088.0,3091.0,3088.0,3089.0,4963,15330707.0,1870462,RB0
2026/2/5 11:10:00,3087.0,3090.0,3087.0,3089.0,7966,24606974.0,1871007,RB0
2026/2/5 11:15:00,3089.0,3091.0,3088.0,3090.0,5586,17260740.0,1871612,RB0
2026/2/5 11:20:00,3091.0,3092.0,3089.0,3092.0,5342,16517464.0,1871470,RB0
2026/2/5 11:25:00,3092.0,3092.0,3089.0,3089.0,6653,20551117.0,1870379,RB0
2026/2/5 11:30:00,3090.0,3092.0,3089.0,3092.0,6793,21003956.0,1868934,RB0
2026/2/5 13:35:00,3092.0,3096.0,3091.0,3095.0,14003,43339285.0,1869249,RB0
2026/2/5 13:40:00,3095.0,3098.0,3095.0,3096.0,7138,22099248.0,1867156,RB0
2026/2/5 13:45:00,3095.0,3098.0,3094.0,3098.0,9345,28950810.0,1866240,RB0
2026/2/5 13:50:00,3096.0,3100.0,3096.0,3097.0,15887,49202039.0,1860933,RB0
2026/2/5 13:55:00,3097.0,3099.0,3097.0,3098.0,5085,15753330.0,1859317,RB0
2026/2/5 14:00:00,3098.0,3099.0,3097.0,3097.0,8305,25720585.0,1858650,RB0
2026/2/5 14:05:00,3098.0,3099.0,3096.0,3099.0,8177,25340523.0,1858223,RB0
2026/2/5 14:10:00,3098.0,3100.0,3098.0,3098.0,8900,27572200.0,1859096,RB0
2026/2/5 14:15:00,3098.0,3099.0,3096.0,3096.0,5292,16384032.0,1857666,RB0
2026/2/5 14:20:00,3097.0,3100.0,3096.0,3098.0,12545,38864410.0,1853904,RB0
2026/2/5 14:25:00,3098.0,3099.0,3096.0,3096.0,3898,12068208.0,1853642,RB0
2026/2/5 14:30:00,3096.0,3098.0,3096.0,3097.0,4862,15057614.0,1854173,RB0
2026/2/5 14:35:00,3097.0,3099.0,3096.0,3096.0,6314,19548144.0,1854321,RB0
2026/2/5 14:40:00,3098.0,3099.0,3096.0,3098.0,8195,25388110.0,1853984,RB0
2026/2/5 14:45:00,3098.0,3100.0,3097.0,3100.0,9493,29428300.0,1852913,RB0
2026/2/5 14:50:00,3100.0,3104.0,3099.0,3102.0,17974,55755348.0,1850848,RB0
2026/2/5 14:55:00,3102.0,3103.0,3101.0,3102.0,7855,24366210.0,1850697,RB0
2026/2/5 15:00:00,3102.0,3102.0,3100.0,3101.0,643,1993943.0,1847671,RB0
2026/2/5 21:05:00,3105.0,3105.0,3095.0,3097.0,51142,158386774.0,1856050,RB0
2026/2/5 21:10:00,3097.0,3097.0,3093.0,3094.0,17921,55447574.0,1856973,RB0
2026/2/5 21:15:00,3095.0,3095.0,3091.0,3092.0,17754,54895368.0,1860036,RB0
2026/2/5 21:20:00,3092.0,3097.0,3092.0,3096.0,9779,30275784.0,1860991,RB0
2026/2/5 21:25:00,3096.0,3101.0,3096.0,3101.0,11010,34142010.0,1860745,RB0
2026/2/5 21:30:00,3101.0,3102.0,3099.0,3102.0,8114,25169628.0,1860840,RB0
2026/2/5 21:35:00,3102.0,3107.0,3101.0,3106.0,21760,67586560.0,1854739,RB0
2026/2/5 21:40:00,3107.0,3111.0,3107.0,3109.0,31209,97028781.0,1849815,RB0
2026/2/5 21:45:00,3110.0,3110.0,3105.0,3105.0,14459,44895195.0,1847157,RB0
2026/2/5 21:50:00,3105.0,3107.0,3102.0,3103.0,8984,27877352.0,1846778,RB0
2026/2/5 21:55:00,3103.0,3104.0,3101.0,3103.0,7718,23948954.0,1846166,RB0
2026/2/5 22:00:00,3103.0,3103.0,3100.0,3101.0,6792,21061992.0,1847186,RB0
2026/2/5 22:05:00,3102.0,3103.0,3101.0,3102.0,3355,10407210.0,1847170,RB0
2026/2/5 22:10:00,3101.0,3102.0,3100.0,3101.0,3622,11231822.0,1846645,RB0
2026/2/5 22:15:00,3102.0,3102.0,3100.0,3100.0,3745,11609500.0,1845904,RB0
2026/2/5 22:20:00,3100.0,3101.0,3098.0,3099.0,7169,22216731.0,1846168,RB0
2026/2/5 22:25:00,3100.0,3100.0,3097.0,3098.0,340,1053320.0,1846787,RB0
2026/2/5 22:30:00,3098.0,3101.0,3098.0,3101.0,3721,11538821.0,1846562,RB0
2026/2/5 22:35:00,3101.0,3101.0,3098.0,3099.0,3038,9414762.0,1846687,RB0
2026/2/5 22:40:00,3098.0,3101.0,3098.0,3098.0,2981,9235138.0,1846817,RB0
2026/2/5 22:45:00,3098.0,3100.0,3098.0,3099.0,1456,4512144.0,1846232,RB0
2026/2/5 22:50:00,3100.0,3100.0,3098.0,3099.0,1491,4620609.0,1845954,RB0
2026/2/5 22:55:00,3099.0,3100.0,3098.0,3099.0,2228,6904572.0,1844964,RB0
2026/2/5 23:00:00,3099.0,3100.0,3095.0,3096.0,9629,29811384.0,1843138,RB0
2026/2/6 9:05:00,3094.0,3096.0,3091.0,3094.0,23834,73742396.0,1846910,RB0
2026/2/6 9:10:00,3094.0,3096.0,3093.0,3093.0,6538,20222034.0,1846985,RB0
2026/2/6 9:15:00,3093.0,3094.0,3091.0,3091.0,8583,26530053.0,1848733,RB0
2026/2/6 9:20:00,3091.0,3094.0,3090.0,3091.0,13788,42618708.0,1850522,RB0
2026/2/6 9:25:00,3091.0,3093.0,3091.0,3091.0,5913,18277083.0,1851871,RB0
2026/2/6 9:30:00,3091.0,3092.0,3090.0,3092.0,5857,18109844.0,1853409,RB0
2026/2/6 9:35:00,3092.0,3092.0,3088.0,3089.0,14347,44317883.0,1857584,RB0
2026/2/6 9:40:00,3089.0,3091.0,3088.0,3089.0,6912,21351168.0,1858647,RB0
2026/2/6 9:45:00,3090.0,3090.0,3087.0,3088.0,7237,22347856.0,1860976,RB0
2026/2/6 9:50:00,3088.0,3091.0,3088.0,3090.0,8403,25965270.0,1862718,RB0
2026/2/6 9:55:00,3089.0,3091.0,3088.0,3089.0,4071,12575319.0,1863388,RB0
2026/2/6 10:00:00,3089.0,3090.0,3084.0,3084.0,24067,74222628.0,1870239,RB0
2026/2/6 10:05:00,3084.0,3089.0,3084.0,3088.0,17746,54799648.0,1873614,RB0
2026/2/6 10:10:00,3088.0,3090.0,3086.0,3087.0,9979,30805173.0,1871747,RB0
2026/2/6 10:15:00,3087.0,3089.0,3087.0,3089.0,7087,21891743.0,1870941,RB0
2026/2/6 10:35:00,3090.0,3093.0,3088.0,3091.0,13785,42609435.0,1871002,RB0
2026/2/6 10:40:00,3092.0,3092.0,3088.0,3089.0,7267,22447763.0,1871936,RB0
2026/2/6 10:45:00,3089.0,3089.0,3086.0,3088.0,6918,21362784.0,1872445,RB0
2026/2/6 10:50:00,3088.0,3089.0,3086.0,3087.0,5847,18049689.0,1872634,RB0
2026/2/6 10:55:00,3087.0,3088.0,3083.0,3084.0,14849,45794316.0,1877258,RB0
2026/2/6 11:00:00,3084.0,3085.0,3082.0,3083.0,19430,59902690.0,1881245,RB0
2026/2/6 11:05:00,3083.0,3085.0,3082.0,3085.0,10758,33188430.0,1882946,RB0
2026/2/6 11:10:00,3085.0,3087.0,3085.0,3086.0,5976,18441936.0,1882903,RB0
2026/2/6 11:15:00,3086.0,3087.0,3085.0,3086.0,5172,15960792.0,1883360,RB0
2026/2/6 11:20:00,3086.0,3088.0,3084.0,3084.0,7797,24045948.0,1884231,RB0
2026/2/6 11:25:00,3084.0,3085.0,3082.0,3082.0,8065,24856330.0,1886699,RB0
2026/2/6 11:30:00,3083.0,3085.0,3082.0,3084.0,9829,30312636.0,1888380,RB0
2026/2/6 13:35:00,3085.0,3088.0,3084.0,3085.0,11980,36958300.0,1887778,RB0
2026/2/6 13:40:00,3084.0,3088.0,3084.0,3087.0,4377,13511799.0,1888956,RB0
2026/2/6 13:45:00,3086.0,3087.0,3085.0,3087.0,5101,15746787.0,1889371,RB0
2026/2/6 13:50:00,3087.0,3087.0,3085.0,3086.0,2284,7048424.0,1889956,RB0
2026/2/6 13:55:00,3086.0,3086.0,3084.0,3085.0,5661,17464185.0,1891554,RB0
2026/2/6 14:00:00,3085.0,3087.0,3084.0,3087.0,6672,20596464.0,1892804,RB0
2026/2/6 14:05:00,3087.0,3087.0,3084.0,3086.0,9657,29801502.0,1895989,RB0
2026/2/6 14:10:00,3086.0,3086.0,3084.0,3084.0,4010,12366840.0,1897548,RB0
2026/2/6 14:15:00,3084.0,3085.0,3083.0,3084.0,4320,13322880.0,1898293,RB0
2026/2/6 14:20:00,3083.0,3084.0,3083.0,3084.0,3130,9652920.0,1899285,RB0
2026/2/6 14:25:00,3083.0,3085.0,3083.0,3083.0,4504,13885832.0,1899753,RB0
2026/2/6 14:30:00,3083.0,3084.0,3082.0,3084.0,6930,21372120.0,1901447,RB0
2026/2/6 14:35:00,3084.0,3084.0,3082.0,3083.0,3732,11505756.0,1901748,RB0
2026/2/6 14:40:00,3083.0,3083.0,3078.0,3078.0,35733,109986174.0,1906769,RB0
2026/2/6 14:45:00,3078.0,3079.0,3076.0,3076.0,120,369120.0,1910579,RB0
2026/2/6 14:50:00,3077.0,3077.0,3075.0,3076.0,972,2989872.0,1916204,RB0
2026/2/6 14:55:00,3076.0,3077.0,3075.0,3075.0,157,482775.0,1917695,RB0
2026/2/6 15:00:00,3076.0,3077.0,3074.0,3077.0,1429,4397033.0,1915253,RB0
2026/2/6 21:05:00,3081.0,3081.0,3073.0,3077.0,42022,129301694.0,1921366,RB0
2026/2/6 21:10:00,3076.0,3080.0,3076.0,3078.0,11390,35058420.0,1922311,RB0
2026/2/6 21:15:00,3079.0,3080.0,3074.0,3074.0,13954,42894596.0,1928371,RB0
2026/2/6 21:20:00,3074.0,3076.0,3073.0,3073.0,10319,31710287.0,1932169,RB0
2026/2/6 21:25:00,3073.0,3074.0,3070.0,3072.0,20778,63830016.0,1937857,RB0
2026/2/6 21:30:00,3072.0,3073.0,3070.0,3071.0,14479,44465009.0,1941265,RB0
2026/2/6 21:35:00,3072.0,3073.0,3071.0,3071.0,6459,19835589.0,1942083,RB0
2026/2/6 21:40:00,3071.0,3072.0,3069.0,3069.0,8915,27360135.0,1945061,RB0
2026/2/6 21:45:00,3069.0,3071.0,3068.0,3070.0,10670,32756900.0,1947031,RB0
2026/2/6 21:50:00,3071.0,3071.0,3068.0,3069.0,6333,19435977.0,1949540,RB0
2026/2/6 21:55:00,3069.0,3070.0,3068.0,3069.0,5008,15369552.0,1950574,RB0
2026/2/6 22:00:00,3069.0,3071.0,3068.0,3070.0,6453,19810710.0,1952095,RB0
2026/2/6 22:05:00,3071.0,3071.0,3068.0,3069.0,3742,11484198.0,1952583,RB0
2026/2/6 22:10:00,3069.0,3070.0,3068.0,3068.0,3688,11314784.0,1953064,RB0
2026/2/6 22:15:00,3068.0,3069.0,3066.0,3066.0,6511,19962726.0,1953875,RB0
2026/2/6 22:20:00,3066.0,3068.0,3065.0,3068.0,8859,27179412.0,1956623,RB0
2026/2/6 22:25:00,3067.0,3068.0,3066.0,3067.0,238,729946.0,1957102,RB0
2026/2/6 22:30:00,3067.0,3067.0,3065.0,3065.0,4404,13498260.0,1958869,RB0
2026/2/6 22:35:00,3065.0,3068.0,3064.0,3067.0,12864,39453888.0,1963248,RB0
2026/2/6 22:40:00,3067.0,3069.0,3066.0,3067.0,2,6134.0,1963569,RB0
2026/2/6 22:45:00,3067.0,3068.0,3065.0,3066.0,68,208488.0,1964002,RB0
2026/2/6 22:50:00,3066.0,3067.0,3062.0,3063.0,115,352245.0,1967286,RB0
2026/2/6 22:55:00,3064.0,3066.0,3063.0,3066.0,2660,8155560.0,1968654,RB0
2026/2/6 23:00:00,3066.0,3067.0,3065.0,3065.0,5641,17289665.0,1965619,RB0
2026/2/9 9:05:00,3072.0,3076.0,3067.0,3068.0,108503,332887204.0,1965873,RB0
2026/2/9 9:10:00,3068.0,3070.0,3064.0,3070.0,23863,73259410.0,1967541,RB0
2026/2/9 9:15:00,3070.0,3072.0,3068.0,3069.0,16280,49963320.0,1968233,RB0
2026/2/9 9:20:00,3069.0,3073.0,3069.0,3073.0,11609,35674457.0,1966064,RB0
2026/2/9 9:25:00,3073.0,3075.0,3068.0,3071.0,22642,69533582.0,1969895,RB0
2026/2/9 9:30:00,3071.0,3071.0,3067.0,3068.0,7474,22930232.0,1971505,RB0
2026/2/9 9:35:00,3068.0,3070.0,3067.0,3067.0,8086,24799762.0,1972841,RB0
2026/2/9 9:40:00,3067.0,3068.0,3066.0,3066.0,6905,21170730.0,1973449,RB0
2026/2/9 9:45:00,3066.0,3068.0,3065.0,3066.0,7302,22387932.0,1975184,RB0
2026/2/9 9:50:00,3066.0,3067.0,3062.0,3064.0,16177,49566328.0,1981053,RB0
2026/2/9 9:55:00,3063.0,3064.0,3062.0,3063.0,6525,19986075.0,1983384,RB0
2026/2/9 10:00:00,3063.0,3068.0,3063.0,3066.0,7843,24046638.0,1984521,RB0
2026/2/9 10:05:00,3065.0,3067.0,3064.0,3065.0,6724,20609060.0,1985730,RB0
2026/2/9 10:10:00,3065.0,3070.0,3065.0,3068.0,9318,28587624.0,1985061,RB0
2026/2/9 10:15:00,3068.0,3071.0,3068.0,3070.0,8678,26641460.0,1984413,RB0
2026/2/9 10:35:00,3069.0,3071.0,3066.0,3069.0,8973,27538137.0,1986537,RB0
2026/2/9 10:40:00,3069.0,3074.0,3068.0,3074.0,13405,41206970.0,1985510,RB0
2026/2/9 10:45:00,3073.0,3074.0,3071.0,3073.0,5602,17214946.0,1985147,RB0
2026/2/9 10:50:00,3073.0,3074.0,3069.0,3070.0,5909,18140630.0,1985663,RB0
2026/2/9 10:55:00,3069.0,3070.0,3067.0,3069.0,4410,13534290.0,1985494,RB0
2026/2/9 11:00:00,3068.0,3070.0,3067.0,3067.0,3674,11268158.0,1986121,RB0
2026/2/9 11:05:00,3067.0,3069.0,3066.0,3069.0,4958,15216102.0,1986791,RB0
2026/2/9 11:10:00,3068.0,3070.0,3066.0,3067.0,4656,14279952.0,1987816,RB0
2026/2/9 11:15:00,3067.0,3068.0,3065.0,3066.0,5394,16538004.0,1989093,RB0
2026/2/9 11:20:00,3066.0,3068.0,3065.0,3067.0,5096,15629432.0,1991032,RB0
2026/2/9 11:25:00,3067.0,3068.0,3065.0,3065.0,4370,13394050.0,1992079,RB0
2026/2/9 11:30:00,3065.0,3067.0,3064.0,3066.0,6040,18518640.0,1991436,RB0
2026/2/9 13:35:00,3069.0,3074.0,3065.0,3073.0,14291,43916243.0,1987601,RB0
2026/2/9 13:40:00,3073.0,3074.0,3069.0,3069.0,6885,21130065.0,1987440,RB0
2026/2/9 13:45:00,3070.0,3072.0,3069.0,3071.0,4409,13540039.0,1987854,RB0
2026/2/9 13:50:00,3071.0,3071.0,3068.0,3069.0,5287,16225803.0,1987924,RB0
2026/2/9 13:55:00,3069.0,3071.0,3068.0,3070.0,4671,14339970.0,1988697,RB0
2026/2/9 14:00:00,3069.0,3071.0,3068.0,3068.0,3013,9243884.0,1989338,RB0
2026/2/9 14:05:00,3068.0,3069.0,3066.0,3066.0,9591,29406006.0,1989902,RB0
2026/2/9 14:10:00,3066.0,3068.0,3066.0,3067.0,1684,5164828.0,1990497,RB0
2026/2/9 14:15:00,3068.0,3068.0,3066.0,3066.0,4742,14538972.0,1990887,RB0
2026/2/9 14:20:00,3066.0,3067.0,3065.0,3065.0,2501,7665565.0,1991995,RB0
2026/2/9 14:25:00,3066.0,3067.0,3065.0,3065.0,2198,6736870.0,1992663,RB0
2026/2/9 14:30:00,3066.0,3067.0,3064.0,3065.0,4192,12848480.0,1993097,RB0
2026/2/9 14:35:00,3065.0,3067.0,3064.0,3066.0,1171,3590286.0,1993778,RB0
2026/2/9 14:40:00,3066.0,3068.0,3066.0,3067.0,4156,12746452.0,1994295,RB0
2026/2/9 14:45:00,3067.0,3068.0,3066.0,3066.0,984,3016944.0,1994991,RB0
2026/2/9 14:50:00,3066.0,3067.0,3064.0,3065.0,513,1572345.0,1995112,RB0
2026/2/9 14:55:00,3065.0,3066.0,3064.0,3064.0,9108,27906912.0,1997577,RB0
2026/2/9 15:00:00,3064.0,3065.0,3060.0,3064.0,510,1562640.0,2005501,RB0
2026/2/9 21:05:00,3068.0,3069.0,3055.0,3061.0,721,2206981.0,2013987,RB0
2026/2/9 21:10:00,3061.0,3062.0,3056.0,3059.0,69,211071.0,2019490,RB0
2026/2/9 21:15:00,3059.0,3060.0,3055.0,3056.0,448,1369088.0,2023561,RB0
2026/2/9 21:20:00,3056.0,3058.0,3055.0,3057.0,155,473835.0,2025679,RB0
2026/2/9 21:25:00,3057.0,3058.0,3056.0,3057.0,46,140622.0,2027343,RB0
2026/2/9 21:30:00,3057.0,3058.0,3056.0,3057.0,14,42798.0,2028205,RB0
2026/2/9 21:35:00,3058.0,3060.0,3057.0,3060.0,9,27540.0,2028386,RB0
2026/2/9 21:40:00,3060.0,3060.0,3058.0,3058.0,99,302742.0,2028939,RB0
2026/2/9 21:45:00,3059.0,3059.0,3056.0,3056.0,29,88624.0,2029607,RB0
2026/2/9 21:50:00,3056.0,3057.0,3055.0,3057.0,23,70311.0,2031533,RB0
2026/2/9 21:55:00,3057.0,3057.0,3055.0,3055.0,28,85540.0,2032707,RB0
2026/2/9 22:00:00,3056.0,3059.0,3055.0,3058.0,28,85624.0,2033694,RB0
2026/2/9 22:05:00,3059.0,3059.0,3058.0,3059.0,14,42826.0,2033848,RB0
2026/2/9 22:10:00,3058.0,3059.0,3056.0,3057.0,1252,3827364.0,2034108,RB0
2026/2/9 22:15:00,3056.0,3058.0,3056.0,3056.0,22,67232.0,2034222,RB0
2026/2/9 22:20:00,3056.0,3057.0,3053.0,3054.0,14,42756.0,2032169,RB0
2026/2/9 22:25:00,3054.0,3056.0,3054.0,3055.0,66,201630.0,2033526,RB0
2026/2/9 22:30:00,3055.0,3060.0,3055.0,3059.0,11,33649.0,2033437,RB0
2026/2/9 22:35:00,3058.0,3059.0,3057.0,3058.0,3,9174.0,2034193,RB0
2026/2/9 22:40:00,3057.0,3059.0,3057.0,3058.0,329,1006082.0,2034211,RB0
2026/2/9 22:45:00,3058.0,3059.0,3058.0,3058.0,17,51986.0,2034339,RB0
2026/2/9 22:50:00,3059.0,3059.0,3058.0,3059.0,2,6118.0,2034879,RB0
2026/2/9 22:55:00,3059.0,3060.0,3058.0,3058.0,47,143726.0,2035123,RB0
2026/2/9 23:00:00,3058.0,3059.0,3055.0,3056.0,115,351440.0,2033723,RB0
2026/2/10 9:05:00,3056.0,3056.0,3048.0,3048.0,12844,39148512.0,2043472,RB0
2026/2/10 9:10:00,3049.0,3051.0,3048.0,3048.0,2,6096.0,2047025,RB0
2026/2/10 9:15:00,3048.0,3052.0,3048.0,3052.0,4542,13862184.0,2048158,RB0
2026/2/10 9:20:00,3052.0,3054.0,3051.0,3054.0,143,436722.0,2048068,RB0
2026/2/10 9:25:00,3054.0,3054.0,3053.0,3053.0,3994,12193682.0,2048057,RB0
2026/2/10 9:30:00,3053.0,3056.0,3053.0,3054.0,339,1035306.0,2047556,RB0
2026/2/10 9:35:00,3054.0,3059.0,3052.0,3059.0,4230,12939570.0,2047155,RB0
2026/2/10 9:40:00,3059.0,3063.0,3058.0,3061.0,675,2066175.0,2042509,RB0
2026/2/10 9:45:00,3061.0,3062.0,3058.0,3059.0,18,55062.0,2043013,RB0
2026/2/10 9:50:00,3059.0,3062.0,3059.0,3061.0,5191,15889651.0,2042684,RB0
2026/2/10 9:55:00,3061.0,3062.0,3058.0,3058.0,516,1577928.0,2042804,RB0
2026/2/10 10:00:00,3059.0,3062.0,3058.0,3060.0,6766,20703960.0,2043093,RB0
2026/2/10 10:05:00,3060.0,3062.0,3059.0,3062.0,2896,8867552.0,2043882,RB0
2026/2/10 10:10:00,3061.0,3063.0,3060.0,3062.0,146,447052.0,2044938,RB0
2026/2/10 10:15:00,3062.0,3062.0,3059.0,3059.0,62,189658.0,2045599,RB0
2026/2/10 10:35:00,3060.0,3060.0,3055.0,3056.0,13,39728.0,2045267,RB0
2026/2/10 10:40:00,3056.0,3059.0,3054.0,3059.0,129,394611.0,2045872,RB0
2026/2/10 10:45:00,3059.0,3059.0,3055.0,3056.0,359,1097104.0,2046198,RB0
2026/2/10 10:50:00,3056.0,3057.0,3055.0,3057.0,74,226218.0,2046727,RB0
2026/2/10 10:55:00,3056.0,3057.0,3054.0,3056.0,1048,3202688.0,2048367,RB0
2026/2/10 11:00:00,3056.0,3057.0,3052.0,3052.0,8,24416.0,2050720,RB0
2026/2/10 11:05:00,3053.0,3055.0,3052.0,3055.0,3120,9531600.0,2051911,RB0
2026/2/10 11:10:00,3055.0,3056.0,3053.0,3054.0,1954,5967516.0,2051042,RB0
2026/2/10 11:15:00,3054.0,3056.0,3054.0,3054.0,49,149646.0,2051033,RB0
2026/2/10 11:20:00,3055.0,3056.0,3053.0,3053.0,30,91590.0,2051094,RB0
2026/2/10 11:25:00,3054.0,3058.0,3053.0,3057.0,722,2207154.0,2050833,RB0
2026/2/10 11:30:00,3057.0,3058.0,3053.0,3055.0,5925,18100875.0,2049767,RB0
2026/2/10 13:35:00,3055.0,3058.0,3055.0,3056.0,34,103904.0,2050557,RB0
2026/2/10 13:40:00,3056.0,3057.0,3054.0,3055.0,458,1399190.0,2051074,RB0
2026/2/10 13:45:00,3055.0,3057.0,3055.0,3057.0,861,2632077.0,2051355,RB0
2026/2/10 13:50:00,3057.0,3057.0,3055.0,3055.0,1830,5590650.0,2051247,RB0
2026/2/10 13:55:00,3055.0,3059.0,3055.0,3057.0,2038,6230166.0,2050202,RB0
2026/2/10 14:00:00,3057.0,3057.0,3053.0,3055.0,14,42770.0,2052196,RB0
2026/2/10 14:05:00,3056.0,3056.0,3054.0,3056.0,2013,6151728.0,2052245,RB0
2026/2/10 14:10:00,3055.0,3057.0,3055.0,3056.0,4543,13883408.0,2053062,RB0
2026/2/10 14:15:00,3057.0,3058.0,3056.0,3056.0,4962,15163872.0,2053822,RB0
2026/2/10 14:20:00,3056.0,3057.0,3055.0,3055.0,25,76375.0,2054156,RB0
2026/2/10 14:25:00,3055.0,3057.0,3055.0,3056.0,1346,4113376.0,2055069,RB0
2026/2/10 14:30:00,3056.0,3058.0,3055.0,3055.0,4743,14489865.0,2056883,RB0
2026/2/10 14:35:00,3055.0,3057.0,3055.0,3056.0,91,278096.0,2057429,RB0
2026/2/10 14:40:00,3056.0,3057.0,3055.0,3056.0,2362,7218272.0,2057678,RB0
2026/2/10 14:45:00,3056.0,3057.0,3055.0,3055.0,144,439920.0,2057313,RB0
2026/2/10 14:50:00,3055.0,3057.0,3053.0,3055.0,329,1005095.0,2059462,RB0
2026/2/10 14:55:00,3055.0,3055.0,3052.0,3053.0,3307,10096271.0,2061150,RB0
2026/2/10 15:00:00,3052.0,3052.0,3052.0,3052.0,0,0.0,2065537,RB0
2026/2/10 21:05:00,3053.0,3054.0,3047.0,3049.0,37352,113886248.0,2070533,RB0
2026/2/10 21:10:00,3049.0,3051.0,3049.0,3050.0,10411,31753550.0,2075594,RB0
2026/2/10 21:15:00,3050.0,3051.0,3049.0,3049.0,7507,22888843.0,2076306,RB0
2026/2/10 21:20:00,3049.0,3050.0,3049.0,3050.0,3982,12145100.0,2077507,RB0
2026/2/10 21:25:00,3049.0,3050.0,3048.0,3048.0,4970,15148560.0,2078557,RB0
2026/2/10 21:30:00,3048.0,3049.0,3045.0,3045.0,12055,36707475.0,2082031,RB0
2026/2/10 21:35:00,3045.0,3047.0,3044.0,3044.0,15530,47273320.0,2084606,RB0
2026/2/10 21:40:00,3044.0,3046.0,3044.0,3045.0,7091,21592095.0,2086340,RB0
2026/2/10 21:45:00,3045.0,3049.0,3045.0,3049.0,6378,19446522.0,2086710,RB0
2026/2/10 21:50:00,3049.0,3050.0,3047.0,3049.0,5608,17098792.0,2086775,RB0
2026/2/10 21:55:00,3049.0,3052.0,3049.0,3050.0,6677,20364850.0,2087591,RB0
2026/2/10 22:00:00,3050.0,3056.0,3049.0,3055.0,12665,38691575.0,2086756,RB0
2026/2/10 22:05:00,3056.0,3058.0,3054.0,3055.0,17005,51950275.0,2085365,RB0
2026/2/10 22:10:00,3055.0,3059.0,3055.0,3057.0,10900,33321300.0,2085489,RB0
2026/2/10 22:15:00,3058.0,3061.0,3057.0,3060.0,12787,39128220.0,2083551,RB0
2026/2/10 22:20:00,3060.0,3061.0,3059.0,3061.0,7085,21687185.0,2082585,RB0
2026/2/10 22:25:00,3060.0,3061.0,3059.0,3060.0,708,2166480.0,2082961,RB0
2026/2/10 22:30:00,3060.0,3063.0,3060.0,3061.0,9622,29452942.0,2082607,RB0
2026/2/10 22:35:00,3061.0,3064.0,3060.0,3063.0,9432,28890216.0,2081407,RB0
2026/2/10 22:40:00,3063.0,3065.0,3063.0,3063.0,15546,47617398.0,2076863,RB0
2026/2/10 22:45:00,3063.0,3065.0,3062.0,3064.0,8858,27140912.0,2073927,RB0
2026/2/10 22:50:00,3064.0,3068.0,3063.0,3063.0,18895,57875385.0,2068298,RB0
2026/2/10 22:55:00,3063.0,3065.0,3063.0,3064.0,3022,9259408.0,2068202,RB0
2026/2/10 23:00:00,3064.0,3065.0,3063.0,3063.0,8937,27374031.0,2065646,RB0
2026/2/11 9:05:00,3062.0,3063.0,3058.0,3059.0,16773,51308607.0,2065075,RB0
2026/2/11 9:10:00,3059.0,3060.0,3057.0,3060.0,5283,16165980.0,2064555,RB0
2026/2/11 9:15:00,3059.0,3061.0,3058.0,3061.0,4268,13064348.0,2064184,RB0
2026/2/11 9:20:00,3061.0,3061.0,3059.0,3060.0,3748,11468880.0,2064680,RB0
2026/2/11 9:25:00,3060.0,3061.0,3058.0,3059.0,4151,12697909.0,2064485,RB0
2026/2/11 9:30:00,3059.0,3059.0,3057.0,3058.0,5354,16372532.0,2064737,RB0
2026/2/11 9:35:00,3058.0,3059.0,3056.0,3057.0,6911,21126927.0,2065883,RB0
2026/2/11 9:40:00,3057.0,3059.0,3056.0,3058.0,6289,19231762.0,2066467,RB0
2026/2/11 9:45:00,3058.0,3058.0,3055.0,3055.0,6671,20379905.0,2068822,RB0
2026/2/11 9:50:00,3055.0,3060.0,3055.0,3060.0,2322,7105320.0,2069445,RB0
2026/2/11 9:55:00,3060.0,3060.0,3058.0,3059.0,2919,8929221.0,2069263,RB0
2026/2/11 10:00:00,3059.0,3061.0,3059.0,3061.0,3887,11898107.0,2070015,RB0
2026/2/11 10:05:00,3061.0,3065.0,3060.0,3062.0,16223,49674826.0,2069678,RB0
2026/2/11 10:10:00,3061.0,3063.0,3059.0,3062.0,5924,18139288.0,2071260,RB0
2026/2/11 10:15:00,3063.0,3064.0,3061.0,3062.0,3724,11402888.0,2071108,RB0
2026/2/11 10:35:00,3062.0,3066.0,3062.0,3064.0,10636,32588704.0,2070899,RB0
2026/2/11 10:40:00,3065.0,3065.0,3061.0,3062.0,6048,18518976.0,2072875,RB0
2026/2/11 10:45:00,3061.0,3062.0,3059.0,3060.0,8442,25832520.0,2074080,RB0
2026/2/11 10:50:00,3061.0,3061.0,3059.0,3059.0,3142,9611378.0,2074950,RB0
2026/2/11 10:55:00,3059.0,3065.0,3059.0,3064.0,5186,15889904.0,2073662,RB0
2026/2/11 11:00:00,3063.0,3064.0,3059.0,3060.0,7498,22943880.0,2074946,RB0
2026/2/11 11:05:00,3060.0,3062.0,3059.0,3060.0,3757,11496420.0,2075421,RB0
2026/2/11 11:10:00,3060.0,3060.0,3057.0,3057.0,7533,23028381.0,2076054,RB0
2026/2/11 11:15:00,3058.0,3061.0,3057.0,3059.0,4951,15145109.0,2076435,RB0
2026/2/11 11:20:00,3060.0,3061.0,3058.0,3058.0,4024,12305392.0,2075797,RB0
2026/2/11 11:25:00,3058.0,3061.0,3058.0,3060.0,4105,12561300.0,2074725,RB0
2026/2/11 11:30:00,3061.0,3063.0,3060.0,3062.0,1207,3695834.0,2072919,RB0
2026/2/11 13:35:00,3062.0,3067.0,3061.0,3062.0,17860,54687320.0,2065337,RB0
2026/2/11 13:40:00,3062.0,3065.0,3062.0,3063.0,6556,20081028.0,2064793,RB0
2026/2/11 13:45:00,3063.0,3065.0,3062.0,3063.0,6967,21339921.0,2065928,RB0
2026/2/11 13:50:00,3063.0,3063.0,3062.0,3062.0,2965,9078830.0,2066042,RB0
2026/2/11 13:55:00,3062.0,3063.0,3061.0,3062.0,2878,8812436.0,2065970,RB0
2026/2/11 14:00:00,3062.0,3063.0,3060.0,3063.0,4601,14092863.0,2065197,RB0
2026/2/11 14:05:00,3063.0,3064.0,3061.0,3062.0,2832,8671584.0,2064339,RB0
2026/2/11 14:10:00,3062.0,3063.0,3060.0,3061.0,4397,13459217.0,2063988,RB0
2026/2/11 14:15:00,3061.0,3062.0,3059.0,3060.0,7125,21802500.0,2064506,RB0
2026/2/11 14:20:00,3060.0,3061.0,3059.0,3061.0,6451,19746511.0,2065281,RB0
2026/2/11 14:25:00,3060.0,3061.0,3058.0,3059.0,4362,13343358.0,2064862,RB0
2026/2/11 14:30:00,3059.0,3060.0,3057.0,3058.0,6325,19341850.0,2064339,RB0
2026/2/11 14:35:00,3058.0,3058.0,3056.0,3056.0,8337,25477872.0,2063890,RB0
2026/2/11 14:40:00,3057.0,3057.0,3055.0,3056.0,4852,14827712.0,2064196,RB0
2026/2/11 14:45:00,3056.0,3057.0,3054.0,3054.0,11616,35475264.0,2066301,RB0
2026/2/11 14:50:00,3054.0,3056.0,3054.0,3054.0,6468,19753272.0,2065733,RB0
2026/2/11 14:55:00,3055.0,3056.0,3054.0,3055.0,1159,3540745.0,2065319,RB0
2026/2/11 15:00:00,3054.0,3054.0,3054.0,3054.0,0,0.0,2063660,RB0
2026/2/11 21:05:00,3057.0,3060.0,3055.0,3058.0,33824,103433792.0,2060941,RB0
2026/2/11 21:10:00,3058.0,3060.0,3055.0,3055.0,17796,54366780.0,2059149,RB0
2026/2/11 21:15:00,3055.0,3056.0,3051.0,3053.0,15048,45941544.0,2056023,RB0
2026/2/11 21:20:00,3053.0,3054.0,3052.0,3054.0,8060,24615240.0,2056943,RB0
2026/2/11 21:25:00,3054.0,3055.0,3053.0,3054.0,5211,15914394.0,2056119,RB0
2026/2/11 21:30:00,3054.0,3055.0,3051.0,3052.0,6689,20414828.0,2056863,RB0
2026/2/11 21:35:00,3052.0,3053.0,3050.0,3052.0,8478,25874856.0,2057196,RB0
2026/2/11 21:40:00,3052.0,3054.0,3052.0,3053.0,2690,8212570.0,2057051,RB0
2026/2/11 21:45:00,3054.0,3055.0,3053.0,3054.0,3483,10637082.0,2058064,RB0
2026/2/11 21:50:00,3054.0,3055.0,3054.0,3054.0,1972,6022488.0,2057737,RB0
2026/2/11 21:55:00,3054.0,3056.0,3054.0,3055.0,2486,7594730.0,2057150,RB0
2026/2/11 22:00:00,3054.0,3056.0,3054.0,3056.0,2410,7364960.0,2057599,RB0
2026/2/11 22:05:00,3056.0,3056.0,3054.0,3055.0,1932,5902260.0,2057048,RB0
2026/2/11 22:10:00,3055.0,3056.0,3054.0,3055.0,2686,8205730.0,2056397,RB0
2026/2/11 22:15:00,3055.0,3055.0,3054.0,3054.0,983,3002082.0,2056223,RB0
2026/2/11 22:20:00,3055.0,3055.0,3052.0,3052.0,3858,11774616.0,2056194,RB0
2026/2/11 22:25:00,3053.0,3053.0,3052.0,3052.0,1605,4898460.0,2056070,RB0
2026/2/11 22:30:00,3052.0,3053.0,3050.0,3050.0,5809,17717450.0,2056948,RB0
2026/2/11 22:35:00,3051.0,3053.0,3050.0,3051.0,3862,11782962.0,2057677,RB0
2026/2/11 22:40:00,3051.0,3053.0,3051.0,3052.0,3546,10822392.0,2057054,RB0
2026/2/11 22:45:00,3052.0,3053.0,3050.0,3050.0,3568,10882400.0,2056049,RB0
2026/2/11 22:50:00,3050.0,3051.0,3048.0,3049.0,11242,34276858.0,2059950,RB0
2026/2/11 22:55:00,3049.0,3049.0,3047.0,3048.0,5528,16849344.0,2059801,RB0
2026/2/11 23:00:00,3048.0,3048.0,3045.0,3045.0,15390,46862550.0,2057277,RB0
2026/2/12 9:05:00,3047.0,3047.0,3042.0,3044.0,23788,72410672.0,2058839,RB0
2026/2/12 9:10:00,3044.0,3045.0,3041.0,3044.0,12223,37206812.0,2059805,RB0
2026/2/12 9:15:00,3044.0,3045.0,3041.0,3042.0,8782,26714844.0,2059995,RB0
2026/2/12 9:20:00,3042.0,3047.0,3042.0,3046.0,6175,18809050.0,2061393,RB0
2026/2/12 9:25:00,3046.0,3051.0,3046.0,3048.0,9081,27678888.0,2058871,RB0
2026/2/12 9:30:00,3048.0,3052.0,3048.0,3051.0,6992,21332592.0,2057474,RB0
2026/2/12 9:35:00,3051.0,3051.0,3049.0,3050.0,5265,16058250.0,2057962,RB0
2026/2/12 9:40:00,3049.0,3051.0,3049.0,3051.0,4207,12835557.0,2057740,RB0
2026/2/12 9:45:00,3050.0,3052.0,3050.0,3050.0,4410,13450500.0,2057834,RB0
2026/2/12 9:50:00,3050.0,3052.0,3049.0,3052.0,44,134288.0,2057270,RB0
2026/2/12 9:55:00,3051.0,3053.0,3050.0,3052.0,6028,18397456.0,2058017,RB0
2026/2/12 10:00:00,3052.0,3054.0,3052.0,3053.0,4997,15255841.0,2056985,RB0
2026/2/12 10:05:00,3053.0,3054.0,3051.0,3052.0,5063,15452276.0,2056127,RB0
2026/2/12 10:10:00,3052.0,3055.0,3052.0,3055.0,6476,19784180.0,2053651,RB0
2026/2/12 10:15:00,3054.0,3058.0,3054.0,3057.0,10352,31646064.0,2051105,RB0
2026/2/12 10:35:00,3057.0,3060.0,3055.0,3055.0,12390,37851450.0,2046795,RB0
2026/2/12 10:40:00,3055.0,3056.0,3055.0,3055.0,5021,15339155.0,2047434,RB0
2026/2/12 10:45:00,3056.0,3058.0,3054.0,3054.0,6474,19771596.0,2046797,RB0
2026/2/12 10:50:00,3054.0,3057.0,3054.0,3056.0,3777,11542512.0,2046380,RB0
2026/2/12 10:55:00,3056.0,3056.0,3054.0,3054.0,2610,7970940.0,2045669,RB0
2026/2/12 11:00:00,3054.0,3055.0,3052.0,3053.0,4974,15185622.0,2045802,RB0
2026/2/12 11:05:00,3053.0,3054.0,3052.0,3054.0,3224,9846096.0,2045787,RB0
2026/2/12 11:10:00,3054.0,3055.0,3053.0,3054.0,3228,9858312.0,2044844,RB0
2026/2/12 11:15:00,3053.0,3054.0,3052.0,3053.0,2748,8389644.0,2044699,RB0
2026/2/12 11:20:00,3053.0,3054.0,3052.0,3054.0,2866,8752764.0,2044873,RB0
2026/2/12 11:25:00,3053.0,3054.0,3052.0,3054.0,2731,8340474.0,2044802,RB0
2026/2/12 11:30:00,3054.0,3054.0,3050.0,3051.0,7892,24078492.0,2044059,RB0
2026/2/12 13:35:00,3051.0,3053.0,3051.0,3052.0,2932,8948464.0,2042792,RB0
2026/2/12 13:40:00,3052.0,3053.0,3051.0,3053.0,4049,12361597.0,2041810,RB0
2026/2/12 13:45:00,3053.0,3054.0,3052.0,3053.0,4763,14541439.0,2041315,RB0
2026/2/12 13:50:00,3053.0,3053.0,3050.0,3052.0,5844,17835888.0,2040138,RB0
2026/2/12 13:55:00,3053.0,3054.0,3052.0,3054.0,2384,7280736.0,2039553,RB0
2026/2/12 14:00:00,3054.0,3054.0,3051.0,3053.0,4444,13567532.0,2039243,RB0
2026/2/12 14:05:00,3053.0,3053.0,3049.0,3053.0,9659,29488927.0,2040466,RB0
2026/2/12 14:10:00,3053.0,3053.0,3051.0,3052.0,2260,6897520.0,2039666,RB0
2026/2/12 14:15:00,3051.0,3052.0,3049.0,3050.0,4752,14493600.0,2039745,RB0
2026/2/12 14:20:00,3050.0,3051.0,3049.0,3049.0,4303,13119847.0,2039408,RB0
2026/2/12 14:25:00,3050.0,3050.0,3048.0,3049.0,2683,8180467.0,2038536,RB0
2026/2/12 14:30:00,3048.0,3050.0,3047.0,3050.0,173,527650.0,2038256,RB0
2026/2/12 14:35:00,3049.0,3050.0,3048.0,3048.0,5079,15480792.0,2037311,RB0
2026/2/12 14:40:00,3048.0,3050.0,3047.0,3047.0,5132,15637204.0,2036168,RB0
2026/2/12 14:45:00,3047.0,3049.0,3047.0,3047.0,5304,16161288.0,2035598,RB0
2026/2/12 14:50:00,3048.0,3048.0,3047.0,3048.0,4360,13289280.0,2035149,RB0
2026/2/12 14:55:00,3048.0,3049.0,3046.0,3047.0,153,466191.0,2034670,RB0
2026/2/12 15:00:00,3048.0,3050.0,3047.0,3050.0,1057,3223850.0,2029537,RB0
2026/2/12 21:05:00,3050.0,3051.0,3042.0,3048.0,33398,101797104.0,2028498,RB0
2026/2/12 21:10:00,3048.0,3049.0,3045.0,3047.0,7739,23580733.0,2029379,RB0
2026/2/12 21:15:00,3046.0,3051.0,3046.0,3051.0,8676,26470476.0,2029466,RB0
2026/2/12 21:20:00,3051.0,3051.0,3048.0,3049.0,7048,21489352.0,2029385,RB0
2026/2/12 21:25:00,3049.0,3051.0,3049.0,3049.0,4362,13299738.0,2029107,RB0
2026/2/12 21:30:00,3049.0,3051.0,3048.0,3050.0,3801,11593050.0,2029055,RB0
2026/2/12 21:35:00,3050.0,3052.0,3050.0,3052.0,3771,11509092.0,2028887,RB0
2026/2/12 21:40:00,3052.0,3053.0,3050.0,3050.0,5950,18147500.0,2028515,RB0
2026/2/12 21:45:00,3051.0,3052.0,3050.0,3052.0,2181,6656412.0,2028779,RB0
2026/2/12 21:50:00,3052.0,3056.0,3051.0,3055.0,12853,39265915.0,2026122,RB0
2026/2/12 21:55:00,3056.0,3062.0,3055.0,3061.0,19328,59163008.0,2022821,RB0
2026/2/12 22:00:00,3061.0,3065.0,3061.0,3062.0,25266,77364492.0,2019115,RB0
2026/2/12 22:05:00,3061.0,3063.0,3058.0,3059.0,10651,32581409.0,2016882,RB0
2026/2/12 22:10:00,3058.0,3059.0,3057.0,3058.0,4219,12901702.0,2016663,RB0
2026/2/12 22:15:00,3058.0,3059.0,3056.0,3059.0,5738,17552542.0,2016428,RB0
2026/2/12 22:20:00,3058.0,3059.0,3055.0,3055.0,7039,21504145.0,2015200,RB0
2026/2/12 22:25:00,3055.0,3056.0,3054.0,3056.0,562,1717472.0,2014852,RB0
2026/2/12 22:30:00,3056.0,3057.0,3055.0,3055.0,2477,7567235.0,2014815,RB0
2026/2/12 22:35:00,3056.0,3057.0,3055.0,3056.0,2181,6665136.0,2015146,RB0
2026/2/12 22:40:00,3056.0,3058.0,3056.0,3058.0,2119,6479902.0,2015066,RB0
2026/2/12 22:45:00,3058.0,3059.0,3056.0,3056.0,3591,10974096.0,2015686,RB0
2026/2/12 22:50:00,3056.0,3057.0,3056.0,3056.0,1611,4923216.0,2015658,RB0
2026/2/12 22:55:00,3056.0,3058.0,3056.0,3056.0,4119,12587664.0,2014226,RB0
2026/2/12 23:00:00,3056.0,3058.0,3055.0,3056.0,5671,17330576.0,2012218,RB0
2026/2/13 9:05:00,3050.0,3056.0,3044.0,3046.0,33621,102409566.0,2010891,RB0
2026/2/13 9:10:00,3045.0,3049.0,3045.0,3048.0,9042,27560016.0,2009994,RB0
2026/2/13 9:15:00,3048.0,3049.0,3046.0,3047.0,9074,27648478.0,2011889,RB0
2026/2/13 9:20:00,3048.0,3051.0,3047.0,3051.0,9448,28825848.0,2012464,RB0
2026/2/13 9:25:00,3051.0,3051.0,3049.0,3051.0,6275,19145025.0,2011105,RB0
2026/2/13 9:30:00,3051.0,3053.0,3049.0,3053.0,7349,22436497.0,2008601,RB0
2026/2/13 9:35:00,3053.0,3053.0,3051.0,3053.0,4589,14010217.0,2007931,RB0
2026/2/13 9:40:00,3053.0,3053.0,3049.0,3051.0,5384,16426584.0,2006704,RB0
2026/2/13 9:45:00,3051.0,3056.0,3051.0,3056.0,5493,16786608.0,2005674,RB0
2026/2/13 9:50:00,3056.0,3056.0,3054.0,3055.0,479,1463345.0,2004592,RB0
2026/2/13 9:55:00,3054.0,3057.0,3054.0,3056.0,5137,15698672.0,2003952,RB0
2026/2/13 10:00:00,3056.0,3056.0,3054.0,3055.0,3837,11722035.0,2003038,RB0
2026/2/13 10:05:00,3054.0,3058.0,3054.0,3056.0,6284,19203904.0,2001751,RB0
2026/2/13 10:10:00,3056.0,3058.0,3055.0,3058.0,4382,13400156.0,2000759,RB0
2026/2/13 10:15:00,3057.0,3058.0,3054.0,3055.0,7000,21385000.0,1999094,RB0
2026/2/13 10:35:00,3055.0,3058.0,3054.0,3057.0,6287,19219359.0,1997269,RB0
2026/2/13 10:40:00,3057.0,3061.0,3055.0,3060.0,14535,44477100.0,1989936,RB0
2026/2/13 10:45:00,3060.0,3063.0,3058.0,3063.0,14096,43176048.0,1986067,RB0
2026/2/13 10:50:00,3063.0,3063.0,3060.0,3062.0,10472,32065264.0,1982442,RB0
2026/2/13 10:55:00,3061.0,3062.0,3059.0,3062.0,7887,24149994.0,1980140,RB0
2026/2/13 11:00:00,3062.0,3062.0,3059.0,3060.0,6130,18757800.0,1979671,RB0
2026/2/13 11:05:00,3060.0,3061.0,3059.0,3060.0,4008,12264480.0,1978905,RB0
2026/2/13 11:10:00,3059.0,3060.0,3058.0,3060.0,5666,17337960.0,1977804,RB0
2026/2/13 11:15:00,3060.0,3061.0,3058.0,3060.0,5256,16083360.0,1974802,RB0
2026/2/13 11:20:00,3060.0,3061.0,3057.0,3058.0,4826,14757908.0,1973595,RB0
2026/2/13 11:25:00,3057.0,3058.0,3056.0,3056.0,8569,26186864.0,1973133,RB0
2026/2/13 11:30:00,3056.0,3057.0,3055.0,3056.0,1872,5720832.0,1971415,RB0
2026/2/13 13:35:00,3057.0,3060.0,3056.0,3058.0,13089,40026162.0,1970582,RB0
2026/2/13 13:40:00,3058.0,3061.0,3058.0,3061.0,5275,16146775.0,1970121,RB0
2026/2/13 13:45:00,3061.0,3062.0,3059.0,3060.0,7687,23522220.0,1969436,RB0
2026/2/13 13:50:00,3059.0,3060.0,3058.0,3060.0,3909,11961540.0,1968909,RB0
2026/2/13 13:55:00,3060.0,3060.0,3058.0,3058.0,4397,13446026.0,1968047,RB0
2026/2/13 14:00:00,3058.0,3059.0,3058.0,3059.0,2902,8877218.0,1968010,RB0
2026/2/13 14:05:00,3058.0,3060.0,3056.0,3056.0,5397,16493232.0,1966308,RB0
2026/2/13 14:10:00,3056.0,3058.0,3056.0,3057.0,4847,14817279.0,1965572,RB0
2026/2/13 14:15:00,3056.0,3058.0,3055.0,3057.0,7097,21695529.0,1964643,RB0
2026/2/13 14:20:00,3057.0,3059.0,3057.0,3059.0,3761,11504899.0,1964082,RB0
2026/2/13 14:25:00,3059.0,3059.0,3057.0,3057.0,6451,19720707.0,1962844,RB0
2026/2/13 14:30:00,3057.0,3060.0,3057.0,3059.0,5884,17999156.0,1960625,RB0
2026/2/13 14:35:00,3058.0,3059.0,3056.0,3056.0,11136,34031616.0,1956429,RB0
2026/2/13 14:40:00,3057.0,3057.0,3055.0,3056.0,4687,14323472.0,1954506,RB0
2026/2/13 14:45:00,3055.0,3056.0,3052.0,3054.0,4590,14017860.0,1952896,RB0
2026/2/13 14:50:00,3054.0,3056.0,3052.0,3054.0,10913,33328302.0,1951327,RB0
2026/2/13 14:55:00,3055.0,3057.0,3054.0,3055.0,633,1933815.0,1947510,RB0
2026/2/13 15:00:00,3055.0,3057.0,3054.0,3055.0,1408,4301440.0,1942442,RB0
